content_id,content_type,week_number,date_ist,time_ist,weekday,hour_ist,caption,caption_length,emoji_count,hashtag_count,hashtags,media_items,followers_at_post,reach,reach_pct_of_followers,views,likes,comments,saves,shares,profile_visits,follows,total_interactions,engagement_rate_pct,save_rate_pct,share_rate_pct,follow_rate_pct,question_comments,comment_themes,top_comment,brand_reply_rate_pct,account_net_follows_that_day,account_unfollows_that_day
17900000000000000,reel,1,2023-09-01,19:20,Fri,19,"60 second verdict: is this earbuds under ₹2000 actually good, or just hype?",75,1,6,#laptopreview #gadgets #gadgetreview #cameracomparison #reviewindia #techreview,1,32009,8571,26.8,24009,1045,96,138,123,138,11,1402,6.45,0.57,0.51,7.971,77,none,battery life review please!,3.2,11,2
17900000000001774,reel,1,2023-09-01,11:40,Fri,11,Battery test for 24 hours straight — here's what actually happened.,67,2,9,#techtok #techreview #technews #gadgetreview #gadgets #smartphone #cameracomparison #laptopreview #unboxing,1,32014,5981,18.7,19248,1017,41,88,108,121,4,1254,6.42,0.46,0.56,3.306,18,price_question:41,waiting for your camera comparison,2.4,4,2
17900000000005306,carousel,1,2023-09-02,11:15,Sat,11,Unboxing photos and first look — full review dropping this week.,64,2,6,#unboxing #technews #reviewindia #techtok #smartphone #budgetphone,3,32025,8055,25.2,9164,259,17,17,22,103,8,315,3.24,0.19,0.24,7.767,13,none,waiting for your camera comparison,4.0,8,1
17900000000014603,reel,1,2023-09-02,21:45,Sat,21,Battery test for 24 hours straight — here's what actually happened.,67,1,6,#unboxing #gadgetreview #technews #gadgets #techreview #reviewindia,1,32053,10043,31.4,31502,1566,113,300,172,259,30,2151,6.94,0.95,0.55,11.583,15,none,bro said what we were all thinking,9.6,30,0
17900000000019511,reel,1,2023-09-03,19:15,Sun,19,The one setting you should turn off on your new phone right now.,64,0,5,#cameracomparison #techtok #gadgetreview #smartphone #unboxing,1,32064,9146,28.5,30415,1407,110,157,3,148,9,1677,5.09,0.52,0.01,6.081,100,where_to_buy:110,bro said what we were all thinking,11.0,9,0
17900000000028338,carousel,1,2023-09-03,13:50,Sun,13,Unboxing photos and first look — full review dropping this week.,64,0,6,#techtok #gadgetreview #techtips #reviewindia #smartphone #laptopreview,5,32064,2187,6.8,3328,103,6,16,3,25,1,128,3.94,0.48,0.09,4.000,3,comparison_request:6,bro said what we were all thinking,0.1,1,0
17900000000032188,reel,1,2023-09-04,20:10,Mon,20,The one setting you should turn off on your new phone right now.,64,0,6,#techtok #cameracomparison #technews #smartphone #unboxing #budgetphone,1,32079,7349,22.9,20305,1251,62,89,115,151,10,1517,7.07,0.44,0.57,6.623,55,none,do a budget alternative next,6.0,10,2
17900000000034078,reel,1,2023-09-05,22:15,Tue,22,"Comparing two laptops in the same price range side by side, no sponsor, just numbers.",85,0,6,#techtok #technews #smartphone #gadgets #cameracomparison #reviewindia,1,32091,6478,20.2,14699,884,94,142,0,158,7,1067,6.60,0.97,0.00,4.430,73,battery_question:94,waiting for your camera comparison,5.7,7,3
17900000000038523,carousel,1,2023-09-06,19:45,Wed,19,Unboxing photos and first look — full review dropping this week.,64,0,9,#cameracomparison #technews #unboxing #smartphone #techtok #gadgets #techreview #laptopreview #budgetphone,5,32091,4473,13.9,6471,209,9,34,0,30,1,252,3.90,0.53,0.00,3.333,0,where_to_buy:9,bro said what we were all thinking,0.6,1,0
17900000000045491,carousel,1,2023-09-06,20:30,Wed,20,"5 budget phones under ₹20,000 ranked by camera quality — swipe for the winner.",78,1,7,#smartphone #techtok #reviewindia #unboxing #cameracomparison #laptopreview #gadgetreview,1,32095,3188,9.9,3540,164,7,20,16,28,1,207,5.71,0.56,0.45,3.571,0,none,battery life review please!,12.5,1,2
17900000000054257,reel,1,2023-09-06,19:10,Wed,19,"60 second verdict: is this earbuds under ₹2000 actually good, or just hype?",75,2,7,#gadgets #laptopreview #gadgetreview #unboxing #techtok #techtips #technews,1,32108,10055,31.3,30309,1497,85,251,73,133,11,1906,5.88,0.83,0.24,8.271,52,price_question:85,what's the price in India right now?,2.4,11,3
17900000000063395,reel,1,2023-09-07,11:10,Thu,11,"60 second verdict: is this earbuds under ₹2000 actually good, or just hype?",75,0,9,#techreview #budgetphone #techtips #gadgetreview #unboxing #smartphone #gadgets #laptopreview #technews,1,32133,11715,36.5,39215,1011,93,145,71,267,21,1320,3.71,0.37,0.18,7.865,71,none,what's the price in India right now?,13.2,21,0
17900000000066433,carousel,1,2023-09-07,20:45,Thu,20,Unboxing photos and first look — full review dropping this week.,64,1,6,#techtok #unboxing #gadgets #reviewindia #techreview #gadgetreview,5,32140,5376,16.7,8828,235,23,19,8,81,5,285,3.34,0.22,0.09,6.173,11,none,battery life review please!,10.2,5,4
17900000000071958,reel,2,2023-09-08,19:15,Fri,19,The one setting you should turn off on your new phone right now.,64,1,7,#techreview #gadgets #techtips #reviewindia #budgetphone #technews #unboxing,1,32161,10518,32.7,24667,461,20,55,84,201,20,620,2.33,0.22,0.34,9.950,1,comparison_request:20,do a budget alternative next,4.7,20,0
17900000000076978,reel,2,2023-09-08,21:40,Fri,21,"Comparing two laptops in the same price range side by side, no sponsor, just numbers.",85,2,7,#gadgetreview #unboxing #smartphone #reviewindia #laptopreview #budgetphone #technews,1,32179,6831,21.2,17501,889,58,109,180,151,13,1236,7.00,0.62,1.03,8.609,28,battery_question:58,what's the price in India right now?,11.9,13,1
17900000000078467,reel,2,2023-09-08,20:10,Fri,20,"60 second verdict: is this earbuds under ₹2000 actually good, or just hype?",75,0,7,#smartphone #laptopreview #unboxing #techreview #gadgetreview #gadgets #cameracomparison,1,32182,6240,19.4,17115,584,53,62,36,123,5,735,3.99,0.36,0.21,4.065,2,none,what's the price in India right now?,14.4,5,4
17900000000086178,reel,2,2023-09-09,11:50,Sat,11,"60 second verdict: is this earbuds under ₹2000 actually good, or just hype?",75,1,8,#cameracomparison #gadgetreview #laptopreview #budgetphone #technews #techtok #techtips #reviewindia,1,32204,10236,31.8,27961,692,47,97,0,299,16,832,3.20,0.35,0.00,5.351,43,none,battery life review please!,10.7,16,1
17900000000090729,image,2,2023-09-10,11:15,Sun,11,New setup for the review desk. What should I test next?,55,1,6,#reviewindia #unboxing #smartphone #gadgets #laptopreview #techtips,1,32210,5433,16.9,5247,113,11,19,4,21,2,147,2.64,0.36,0.08,9.524,0,battery_question:11,battery life review please!,5.8,2,3
17900000000099647,reel,2,2023-09-11,17:50,Mon,17,"60 second verdict: is this earbuds under ₹2000 actually good, or just hype?",75,0,7,#reviewindia #technews #techreview #laptopreview #budgetphone #cameracomparison #gadgetreview,1,32222,5413,16.8,17285,982,71,152,0,150,13,1159,6.19,0.88,0.00,8.667,65,battery_question:71,waiting for your camera comparison,3.9,13,2
17900000000103214,reel,2,2023-09-11,20:45,Mon,20,Battery test for 24 hours straight — here's what actually happened.,67,0,8,#techtok #gadgets #technews #techreview #gadgetreview #unboxing #cameracomparison #techtips,1,32230,5623,17.5,17388,840,35,71,181,87,7,1127,5.95,0.41,1.04,8.046,28,none,battery life review please!,11.7,7,1
17900000000108410,reel,2,2023-09-12,19:45,Tue,19,"Comparing two laptops in the same price range side by side, no sponsor, just numbers.",85,1,6,#gadgets #techtips #smartphone #laptopreview #techtok #reviewindia,1,32234,5174,16.1,16254,561,47,84,82,73,6,774,4.71,0.52,0.50,8.219,24,none,is this worth it over the last gen?,9.5,6,3
17900000000111016,carousel,2,2023-09-13,19:50,Wed,19,Spec sheet breakdown: what actually matters vs what's just marketing.,69,2,8,#laptopreview #techtips #techtok #budgetphone #smartphone #reviewindia #techreview #unboxing,1,32237,4178,13.0,5752,197,8,32,20,31,1,257,4.37,0.56,0.35,3.226,0,comparison_request:8,bro said what we were all thinking,0.2,1,1
17900000000112518,reel,2,2023-09-13,21:50,Wed,21,The one setting you should turn off on your new phone right now.,64,0,6,#laptopreview #technews #cameracomparison #techtips #techreview #gadgetreview,1,32264,10275,31.9,25632,1068,87,112,124,306,24,1391,5.26,0.44,0.48,7.843,72,battery_question:87,battery life review please!,10.8,24,2
17900000000114576,story,2,2023-09-14,13:20,Thu,13,Quick gadget of the day — thoughts?,35,1,8,#techtok #techtips #gadgetreview #laptopreview #gadgets #reviewindia #technews #unboxing,1,32270,4109,12.7,3518,114,13,15,9,33,1,151,4.28,0.43,0.26,3.030,6,none,bro said what we were all thinking,7.2,1,2
17900000000117696,story,2,2023-09-14,19:50,Thu,19,Quick gadget of the day — thoughts?,35,1,5,#reviewindia #technews #gadgets #techreview #unboxing,1,32278,4911,15.2,4845,191,19,27,24,50,2,261,4.90,0.56,0.50,4.000,1,battery_question:19,waiting for your camera comparison,14.9,2,2
17900000000127112,carousel,3,2023-09-15,11:20,Fri,11,Unboxing photos and first look — full review dropping this week.,64,2,6,#techtok #cameracomparison #gadgets #unboxing #smartphone #techtips,1,32281,4801,14.9,6452,178,7,17,27,40,4,229,3.43,0.26,0.42,10.000,1,none,do a budget alternative next,1.7,4,1
17900000000129653,image,3,2023-09-15,13:10,Fri,13,New setup for the review desk. What should I test next?,55,2,6,#techtok #techtips #cameracomparison #laptopreview #technews #techreview,1,32287,3873,12.0,4392,80,5,10,7,48,4,102,2.45,0.23,0.16,8.333,1,price_question:5,do a budget alternative next,14.3,4,2
17900000000139194,reel,3,2023-09-17,22:30,Sun,22,"60 second verdict: is this earbuds under ₹2000 actually good, or just hype?",75,2,9,#reviewindia #cameracomparison #technews #gadgets #techtips #unboxing #smartphone #laptopreview #techtok,1,32297,5040,15.6,13083,455,52,74,20,109,7,601,4.43,0.57,0.15,6.422,0,comparison_request:52,waiting for your camera comparison,14.8,7,4
17900000000146863,reel,3,2023-09-17,17:40,Sun,17,The one setting you should turn off on your new phone right now.,64,1,8,#cameracomparison #technews #techreview #smartphone #techtok #laptopreview #gadgets #unboxing,1,32310,9534,29.5,22424,752,41,60,88,188,14,941,3.84,0.27,0.39,7.447,34,none,is this worth it over the last gen?,9.7,14,1
17900000000155128,reel,3,2023-09-18,19:45,Mon,19,"Comparing two laptops in the same price range side by side, no sponsor, just numbers.",85,1,8,#smartphone #technews #gadgetreview #unboxing #reviewindia #gadgets #techtok #budgetphone,1,32315,7350,22.8,16843,823,49,119,0,103,3,991,5.58,0.71,0.00,2.913,40,none,do a budget alternative next,6.7,3,3
17900000000160882,reel,3,2023-09-18,21:50,Mon,21,Battery test for 24 hours straight — here's what actually happened.,67,1,6,#laptopreview #smartphone #techtips #reviewindia #cameracomparison #gadgetreview,1,32350,7830,24.2,24126,1173,75,155,18,254,30,1421,5.66,0.64,0.07,11.811,63,price_question:75,bro said what we were all thinking,13.1,30,3
17900000000162615,reel,3,2023-09-18,22:00,Mon,22,"60 second verdict: is this earbuds under ₹2000 actually good, or just hype?",75,2,8,#cameracomparison #unboxing #gadgets #technews #techtok #laptopreview #gadgetreview #smartphone,1,32366,5344,16.5,17139,590,37,88,53,172,18,768,4.18,0.51,0.31,10.465,19,camera_question:37,do a budget alternative next,15.0,18,0
17900000000169825,carousel,3,2023-09-19,11:50,Tue,11,"5 budget phones under ₹20,000 ranked by camera quality — swipe for the winner.",78,2,7,#techreview #laptopreview #budgetphone #cameracomparison #techtok #unboxing #reviewindia,1,32376,5791,17.9,7794,198,10,27,32,55,5,267,3.32,0.35,0.41,9.091,3,camera_question:10,waiting for your camera comparison,3.8,5,0
17900000000177547,image,3,2023-09-19,13:10,Tue,13,New setup for the review desk. What should I test next?,55,2,7,#techtips #techtok #reviewindia #cameracomparison #technews #laptopreview #unboxing,1,32384,5379,16.6,6315,151,12,26,2,40,4,191,3.20,0.41,0.03,10.000,12,comparison_request:12,do a budget alternative next,13.7,4,3
17900000000182336,carousel,3,2023-09-19,17:40,Tue,17,"5 budget phones under ₹20,000 ranked by camera quality — swipe for the winner.",78,0,6,#techtips #techtok #unboxing #gadgets #techreview #laptopreview,1,32390,4690,14.5,6183,189,11,19,7,34,3,226,3.95,0.31,0.11,8.824,4,camera_question:11,battery life review please!,14.5,3,2
17900000000187985,reel,3,2023-09-20,11:15,Wed,11,"60 second verdict: is this earbuds under ₹2000 actually good, or just hype?",75,2,8,#gadgetreview #budgetphone #gadgets #reviewindia #techreview #unboxing #techtok #technews,1,32401,9235,28.5,27673,891,93,64,30,162,5,1078,3.83,0.23,0.11,3.086,85,none,what's the price in India right now?,9.5,5,3
17900000000193036,carousel,3,2023-09-20,11:15,Wed,11,"5 budget phones under ₹20,000 ranked by camera quality — swipe for the winner.",78,1,5,#techtok #technews #gadgets #techtips #smartphone,1,32407,4501,13.9,6168,221,23,23,4,61,2,271,4.25,0.37,0.06,3.279,22,none,bro said what we were all thinking,10.4,2,1
17900000000200400,reel,3,2023-09-20,17:40,Wed,17,Unboxing the new budget phone everyone's asking about — part 1 of the review series. First impressions on the camera in low light.,130,0,7,#gadgetreview #cameracomparison #budgetphone #techreview #reviewindia #unboxing #gadgets,1,32413,7484,23.1,23756,1880,172,345,119,104,6,2516,11.54,1.45,0.50,5.769,22,camera_question:172,bro said what we were all thinking,3.2,6,1
17900000000205883,carousel,3,2023-09-21,09:30,Thu,9,"5 budget phones under ₹20,000 ranked by camera quality — swipe for the winner.",78,2,6,#gadgetreview #techtok #unboxing #gadgets #techreview #laptopreview,1,32423,5506,17.0,6850,265,11,41,40,56,5,357,5.41,0.60,0.58,8.929,4,none,bro said what we were all thinking,7.6,5,4
17900000000206693,carousel,3,2023-09-21,19:50,Thu,19,Unboxing photos and first look — full review dropping this week.,64,1,5,#techreview #technews #reviewindia #techtips #gadgets,3,32430,5448,16.8,6254,91,3,8,13,56,4,115,2.02,0.13,0.21,7.143,0,none,bro said what we were all thinking,9.1,4,0
17900000000208667,carousel,4,2023-09-22,17:45,Fri,17,Spec sheet breakdown: what actually matters vs what's just marketing.,69,0,6,#reviewindia #budgetphone #technews #laptopreview #gadgetreview #cameracomparison,5,32432,6343,19.6,9477,317,36,24,52,100,3,429,4.65,0.25,0.55,3.000,1,none,bro said what we were all thinking,8.4,3,0
17900000000215497,reel,4,2023-09-22,21:00,Fri,21,Battery test for 24 hours straight — here's what actually happened.,67,2,9,#techtok #budgetphone #gadgets #gadgetreview #smartphone #techtips #cameracomparison #technews #reviewindia,1,32454,6952,21.4,19888,868,50,101,129,168,16,1148,6.26,0.51,0.65,9.524,33,none,do a budget alternative next,0.4,16,2
17900000000220659,image,4,2023-09-22,20:00,Fri,20,New setup for the review desk. What should I test next?,55,0,6,#techtips #cameracomparison #reviewindia #gadgets #unboxing #budgetphone,1,32456,3209,9.9,4185,88,5,9,12,40,3,114,2.89,0.22,0.29,7.500,0,price_question:5,bro said what we were all thinking,1.2,3,3
17900000000227706,reel,4,2023-09-23,19:20,Sat,19,The one setting you should turn off on your new phone right now.,64,2,5,#budgetphone #reviewindia #gadgets #techtok #technews,1,32478,8156,25.1,20129,731,42,135,98,204,20,1006,4.56,0.67,0.49,9.804,15,comparison_request:42,waiting for your camera comparison,2.6,20,3
17900000000236531,carousel,4,2023-09-23,20:10,Sat,20,Spec sheet breakdown: what actually matters vs what's just marketing.,69,0,5,#reviewindia #techreview #technews #gadgets #budgetphone,3,32486,4030,12.4,6125,127,5,13,29,63,5,174,2.90,0.21,0.47,7.937,1,price_question:5,is this worth it over the last gen?,6.0,5,0
17900000000243115,carousel,4,2023-09-24,17:40,Sun,17,"5 budget phones under ₹20,000 ranked by camera quality — swipe for the winner.",78,1,5,#gadgetreview #cameracomparison #gadgets #laptopreview #smartphone,3,32487,4190,12.9,6412,256,13,19,23,35,2,311,4.56,0.30,0.36,5.714,1,none,do a budget alternative next,8.5,2,4
17900000000250569,carousel,4,2023-09-24,20:40,Sun,20,"5 budget phones under ₹20,000 ranked by camera quality — swipe for the winner.",78,2,8,#gadgets #technews #cameracomparison #techtok #gadgetreview #techtips #techreview #unboxing,1,32499,5120,15.8,7011,166,6,25,4,76,6,201,3.16,0.36,0.06,7.895,0,battery_question:6,bro said what we were all thinking,13.6,6,4
17900000000253753,reel,4,2023-09-24,22:15,Sun,22,Unboxing the new budget phone everyone's asking about — part 2 of the review series. First impressions on the camera in low light.,130,2,8,#gadgets #budgetphone #laptopreview #gadgetreview #unboxing #techreview #techtips #smartphone,1,32509,8315,25.6,24308,1901,120,271,0,229,7,2266,9.58,1.11,0.00,3.057,71,price_question:120,bro said what we were all thinking,4.3,7,4
17900000000256316,carousel,4,2023-09-25,13:40,Mon,13,Spec sheet breakdown: what actually matters vs what's just marketing.,69,0,8,#unboxing #techtips #gadgets #techtok #reviewindia #budgetphone #laptopreview #cameracomparison,1,32510,1987,6.1,3054,77,6,8,7,21,1,98,3.12,0.26,0.23,4.762,4,where_to_buy:6,waiting for your camera comparison,2.3,1,2
17900000000258073,reel,4,2023-09-26,09:40,Tue,9,The one setting you should turn off on your new phone right now.,64,1,6,#techtips #reviewindia #unboxing #laptopreview #gadgetreview #cameracomparison,1,32534,5895,18.1,19253,727,52,115,109,226,19,1003,4.99,0.60,0.57,8.407,0,where_to_buy:52,battery life review please!,2.9,19,4
17900000000265391,reel,4,2023-09-26,19:45,Tue,19,The one setting you should turn off on your new phone right now.,64,1,9,#reviewindia #unboxing #smartphone #cameracomparison #techtok #techreview #budgetphone #techtips #gadgetreview,1,32550,8153,25.1,26087,1068,107,105,132,293,12,1412,5.06,0.40,0.51,4.096,63,none,what's the price in India right now?,14.0,12,3
17900000000266363,reel,4,2023-09-27,21:10,Wed,21,Battery test for 24 hours straight — here's what actually happened.,67,2,6,#techreview #budgetphone #gadgets #cameracomparison #unboxing #techtips,1,32560,9502,29.2,26251,1895,134,243,43,295,9,2315,8.27,0.93,0.16,3.051,0,where_to_buy:134,do a budget alternative next,6.3,9,2
17900000000270356,reel,4,2023-09-28,21:50,Thu,21,Unboxing the new budget phone everyone's asking about — part 3 of the review series. First impressions on the camera in low light.,130,2,5,#technews #techtips #gadgetreview #techreview #smartphone,1,32573,6876,21.1,15208,853,44,118,60,124,7,1075,7.29,0.78,0.39,5.645,43,camera_question:44,bro said what we were all thinking,5.9,7,3
17900000000271169,story,5,2023-09-29,19:00,Fri,19,Quick gadget of the day — thoughts?,35,0,5,#budgetphone #smartphone #gadgets #laptopreview #unboxing,1,32576,3606,11.1,4385,178,12,24,3,39,4,217,5.32,0.55,0.07,10.256,0,battery_question:12,what's the price in India right now?,3.0,4,0
17900000000276439,image,5,2023-09-29,21:50,Fri,21,New setup for the review desk. What should I test next?,55,1,5,#cameracomparison #smartphone #techtok #budgetphone #techreview,1,32582,2272,7.0,2264,61,5,9,0,16,1,74,3.39,0.40,0.00,6.250,0,battery_question:5,bro said what we were all thinking,1.2,1,3
17900000000277832,story,5,2023-09-30,13:30,Sat,13,Quick gadget of the day — thoughts?,35,1,5,#gadgets #budgetphone #techtok #techtips #technews,1,32581,1694,5.2,1965,47,5,5,8,23,1,65,3.42,0.25,0.41,4.348,1,none,waiting for your camera comparison,12.0,1,1
17900000000278442,reel,5,2023-09-30,22:00,Sat,22,"60 second verdict: is this earbuds under ₹2000 actually good, or just hype?",75,0,5,#smartphone #cameracomparison #budgetphone #techtips #reviewindia,1,32590,8314,25.5,19866,891,65,66,138,101,6,1160,5.90,0.33,0.69,5.941,42,comparison_request:65,is this worth it over the last gen?,7.5,6,3
17900000000287744,carousel,5,2023-10-01,22:20,Sun,22,Unboxing photos and first look — full review dropping this week.,64,2,7,#laptopreview #technews #smartphone #gadgets #unboxing #reviewindia #techreview,1,32598,6456,19.8,8814,139,13,13,8,59,2,173,2.15,0.15,0.09,3.390,1,none,what's the price in India right now?,5.4,2,1
17900000000289832,carousel,5,2023-10-02,17:50,Mon,17,"5 budget phones under ₹20,000 ranked by camera quality — swipe for the winner.",78,1,7,#gadgetreview #techtips #budgetphone #technews #unboxing #techtok #techreview,1,32599,6006,18.4,9155,330,23,43,31,45,2,427,4.69,0.47,0.34,4.444,0,battery_question:23,bro said what we were all thinking,8.3,2,4
17900000000292913,carousel,5,2023-10-02,13:45,Mon,13,Unboxing photos and first look — full review dropping this week.,64,2,5,#gadgets #gadgetreview #unboxing #techtok #techtips,1,32608,9104,27.9,11260,477,28,34,68,62,7,607,4.95,0.30,0.60,11.290,12,none,bro said what we were all thinking,9.6,7,4
17900000000302526,reel,5,2023-10-02,20:00,Mon,20,Unboxing the new budget phone everyone's asking about — part 4 of the review series. First impressions on the camera in low light.,130,0,5,#techreview #cameracomparison #techtips #techtok #smartphone,1,32627,6458,19.8,19100,1184,70,201,23,150,15,1478,7.74,1.05,0.12,10.000,50,comparison_request:70,do a budget alternative next,6.6,15,3
17900000000310235,carousel,5,2023-10-03,20:40,Tue,20,Unboxing photos and first look — full review dropping this week.,64,1,7,#reviewindia #unboxing #budgetphone #gadgetreview #gadgets #cameracomparison #technews,1,32631,5543,17.0,6928,156,10,21,19,41,4,206,3.24,0.30,0.27,9.756,8,none,do a budget alternative next,7.5,4,4
17900000000317983,reel,5,2023-10-04,09:10,Wed,9,"Comparing two laptops in the same price range side by side, no sponsor, just numbers.",85,0,9,#technews #smartphone #cameracomparison #budgetphone #techreview #laptopreview #unboxing #techtips #techtok,1,32640,8728,26.7,20386,792,54,90,115,88,3,1051,5.56,0.44,0.56,3.409,30,where_to_buy:54,battery life review please!,7.6,3,4
17900000000322665,carousel,5,2023-10-04,11:15,Wed,11,"5 budget phones under ₹20,000 ranked by camera quality — swipe for the winner.",78,2,8,#budgetphone #laptopreview #gadgetreview #cameracomparison #unboxing #gadgets #techtok #techtips,1,32645,5548,17.0,6256,198,14,15,14,69,2,241,3.70,0.24,0.22,2.899,4,where_to_buy:14,bro said what we were all thinking,7.6,2,4
17900000000331486,reel,5,2023-10-05,22:00,Thu,22,Battery test for 24 hours straight — here's what actually happened.,67,0,7,#cameracomparison #gadgets #reviewindia #techtok #techreview #gadgetreview #smartphone,1,32678,11333,34.7,37935,1566,69,194,261,310,29,2090,5.42,0.51,0.69,9.355,55,none,what's the price in India right now?,2.9,29,3
17900000000336725,reel,5,2023-10-05,21:20,Thu,21,"Comparing two laptops in the same price range side by side, no sponsor, just numbers.",85,2,9,#techtips #technews #techreview #unboxing #smartphone #techtok #gadgetreview #cameracomparison #reviewindia,1,32709,9609,29.4,31490,1238,123,185,71,288,26,1617,5.30,0.59,0.23,9.028,85,none,battery life review please!,3.4,26,2
17900000000341560,carousel,6,2023-10-06,22:40,Fri,22,Spec sheet breakdown: what actually matters vs what's just marketing.,69,2,7,#gadgetreview #techtok #cameracomparison #gadgets #reviewindia #smartphone #unboxing,1,32712,4235,12.9,5399,225,14,24,15,32,2,278,5.39,0.44,0.28,6.250,10,camera_question:14,bro said what we were all thinking,1.6,2,4
17900000000345580,reel,6,2023-10-06,17:20,Fri,17,Unboxing the new budget phone everyone's asking about — part 5 of the review series. First impressions on the camera in low light.,130,2,5,#reviewindia #budgetphone #technews #gadgets #unboxing,1,32733,8585,26.2,28305,2257,221,249,0,158,18,2683,9.66,0.88,0.00,11.392,75,none,is this worth it over the last gen?,3.5,18,0
17900000000348548,carousel,6,2023-10-07,09:45,Sat,9,Spec sheet breakdown: what actually matters vs what's just marketing.,69,0,6,#laptopreview #techtok #techreview #techtips #cameracomparison #technews,3,32736,2522,7.7,3281,60,4,9,2,16,1,75,2.33,0.27,0.06,6.250,0,none,battery life review please!,3.9,1,1
17900000000348878,carousel,6,2023-10-07,19:20,Sat,19,"5 budget phones under ₹20,000 ranked by camera quality — swipe for the winner.",78,0,9,#cameracomparison #reviewindia #laptopreview #gadgetreview #budgetphone #techreview #smartphone #techtips #gadgets,1,32738,4980,15.2,8229,277,20,26,38,54,4,361,4.87,0.32,0.46,7.407,0,none,do a budget alternative next,1.8,4,2
17900000000351594,reel,6,2023-10-08,19:10,Sun,19,Battery test for 24 hours straight — here's what actually happened.,67,1,7,#techtips #smartphone #cameracomparison #unboxing #technews #gadgets #laptopreview,1,32741,5832,17.8,15726,691,55,97,42,90,4,885,5.58,0.62,0.27,4.444,51,camera_question:55,do a budget alternative next,13.8,4,0
17900000000352705,carousel,6,2023-10-08,17:15,Sun,17,"5 budget phones under ₹20,000 ranked by camera quality — swipe for the winner.",78,0,7,#gadgetreview #technews #gadgets #smartphone #cameracomparison #techreview #techtok,1,32744,5461,16.7,6455,182,14,25,9,41,1,230,3.63,0.39,0.14,2.439,1,none,bro said what we were all thinking,5.2,1,0
17900000000361671,image,6,2023-10-09,11:50,Mon,11,New setup for the review desk. What should I test next?,55,0,7,#reviewindia #unboxing #cameracomparison #laptopreview #budgetphone #smartphone #gadgetreview,1,32750,654,2.0,733,24,1,3,2,4,0,30,3.98,0.41,0.27,0.000,1,battery_question:1,do a budget alternative next,11.3,0,2
17900000000369356,carousel,6,2023-10-09,21:45,Mon,21,"5 budget phones under ₹20,000 ranked by camera quality — swipe for the winner.",78,0,6,#technews #budgetphone #unboxing #techtok #smartphone #cameracomparison,1,32757,4739,14.5,7066,238,23,20,2,32,2,283,3.92,0.28,0.03,6.250,11,none,is this worth it over the last gen?,6.6,2,4
17900000000373015,carousel,6,2023-10-09,09:15,Mon,9,Unboxing photos and first look — full review dropping this week.,64,2,7,#smartphone #techtips #budgetphone #cameracomparison #laptopreview #unboxing #gadgets,3,32766,5027,15.3,6771,252,20,37,10,36,3,319,4.94,0.55,0.15,8.333,4,battery_question:20,battery life review please!,4.8,3,3
17900000000379803,reel,6,2023-10-10,22:20,Tue,22,"60 second verdict: is this earbuds under ₹2000 actually good, or just hype?",75,2,7,#laptopreview #unboxing #technews #techreview #reviewindia #smartphone #techtok,1,32781,8153,24.9,20450,634,49,72,114,169,17,869,4.40,0.35,0.56,10.059,47,comparison_request:49,bro said what we were all thinking,13.1,17,1
17900000000389529,reel,6,2023-10-11,22:20,Wed,22,Battery test for 24 hours straight — here's what actually happened.,67,1,7,#techreview #smartphone #cameracomparison #gadgets #technews #gadgetreview #budgetphone,1,32796,7711,23.5,25297,1035,66,123,38,173,9,1262,4.94,0.49,0.15,5.202,26,battery_question:66,do a budget alternative next,13.7,9,2
17900000000394755,reel,6,2023-10-11,17:15,Wed,17,Unboxing the new budget phone everyone's asking about — part 6 of the review series. First impressions on the camera in low light.,130,0,7,#gadgetreview #techtips #cameracomparison #reviewindia #techtok #gadgets #laptopreview,1,32841,10213,31.1,32528,1774,156,161,113,343,40,2204,6.78,0.49,0.35,11.662,121,battery_question:156,battery life review please!,10.8,40,3
17900000000397870,reel,6,2023-10-12,09:00,Thu,9,Unboxing the new budget phone everyone's asking about — part 7 of the review series. First impressions on the camera in low light.,130,0,5,#techreview #reviewindia #unboxing #smartphone #gadgets,1,32852,8281,25.2,23200,1356,118,178,43,182,13,1695,7.50,0.77,0.19,7.143,51,none,is this worth it over the last gen?,10.8,13,4
17900000000402667,reel,6,2023-10-12,21:15,Thu,21,Unboxing the new budget phone everyone's asking about — part 8 of the review series. First impressions on the camera in low light.,130,1,5,#gadgetreview #unboxing #smartphone #techtips #techtok,1,32861,7115,21.7,19028,1157,95,208,38,110,10,1498,8.08,1.09,0.20,9.091,25,price_question:95,waiting for your camera comparison,7.1,10,0
17900000000405574,reel,6,2023-10-12,21:40,Thu,21,The one setting you should turn off on your new phone right now.,64,1,5,#gadgetreview #techreview #smartphone #techtips #technews,1,32875,12982,39.5,39085,1544,135,129,146,422,13,1954,5.23,0.33,0.37,3.081,116,camera_question:135,do a budget alternative next,4.5,13,4
17900000000409613,image,7,2023-10-13,20:45,Fri,20,New setup for the review desk. What should I test next?,55,1,5,#gadgetreview #budgetphone #techreview #gadgets #reviewindia,1,32884,4395,13.4,5425,133,14,13,8,49,4,168,3.03,0.24,0.15,8.163,1,battery_question:14,bro said what we were all thinking,2.8,4,4
17900000000415940,reel,7,2023-10-13,19:20,Fri,19,Unboxing the new budget phone everyone's asking about — part 9 of the review series. First impressions on the camera in low light.,130,0,5,#techtok #unboxing #reviewindia #cameracomparison #techtips,1,32898,9405,28.6,20842,1111,66,89,184,114,8,1450,7.24,0.43,0.88,7.018,21,camera_question:66,is this worth it over the last gen?,8.3,8,4
17900000000425838,image,7,2023-10-14,09:30,Sat,9,New setup for the review desk. What should I test next?,55,1,8,#gadgets #gadgetreview #smartphone #cameracomparison #unboxing #budgetphone #techtips #laptopreview,1,32900,4898,14.9,5775,137,9,16,15,26,1,177,3.36,0.28,0.26,3.846,8,none,what's the price in India right now?,2.0,1,0
17900000000432421,reel,7,2023-10-14,21:40,Sat,21,"Comparing two laptops in the same price range side by side, no sponsor, just numbers.",85,1,7,#reviewindia #cameracomparison #techtips #unboxing #techtok #gadgetreview #technews,1,32914,8124,24.7,20940,1235,69,164,0,166,13,1460,6.38,0.78,0.00,7.831,55,comparison_request:69,waiting for your camera comparison,14.0,13,1
17900000000442224,reel,7,2023-10-15,09:50,Sun,9,"60 second verdict: is this earbuds under ₹2000 actually good, or just hype?",75,2,8,#techtok #gadgets #reviewindia #technews #unboxing #budgetphone #gadgetreview #cameracomparison,1,32942,9700,29.5,26239,1113,94,146,77,217,24,1430,5.59,0.56,0.29,11.060,26,camera_question:94,battery life review please!,8.9,24,0
17900000000444115,carousel,7,2023-10-15,20:15,Sun,20,Unboxing photos and first look — full review dropping this week.,64,0,9,#techreview #techtips #reviewindia #budgetphone #cameracomparison #laptopreview #technews #gadgetreview #unboxing,1,32952,8496,25.8,12161,391,27,47,58,114,10,523,4.15,0.39,0.48,8.772,14,none,waiting for your camera comparison,13.8,10,0
17900000000446116,carousel,7,2023-10-15,13:40,Sun,13,Spec sheet breakdown: what actually matters vs what's just marketing.,69,0,7,#technews #smartphone #gadgetreview #laptopreview #budgetphone #cameracomparison #techreview,1,32958,6429,19.5,8303,175,7,26,5,76,6,213,2.67,0.31,0.06,7.895,0,where_to_buy:7,bro said what we were all thinking,6.4,6,3
17900000000450014,carousel,7,2023-10-16,13:45,Mon,13,Spec sheet breakdown: what actually matters vs what's just marketing.,69,2,5,#laptopreview #techtips #smartphone #technews #reviewindia,3,32965,7259,22.0,8895,221,9,15,23,97,4,268,2.87,0.17,0.26,4.124,1,where_to_buy:9,battery life review please!,14.5,4,2
17900000000459894,reel,7,2023-10-16,21:10,Mon,21,Battery test for 24 hours straight — here's what actually happened.,67,0,7,#technews #techtips #unboxing #techtok #gadgets #budgetphone #laptopreview,1,32983,9917,30.1,23273,878,63,123,126,200,13,1190,5.25,0.53,0.54,6.500,42,none,do a budget alternative next,7.3,13,1
17900000000463059,reel,7,2023-10-17,09:40,Tue,9,Unboxing the new budget phone everyone's asking about — part 10 of the review series. First impressions on the camera in low light.,131,2,8,#unboxing #smartphone #reviewindia #gadgetreview #technews #cameracomparison #budgetphone #techtips,1,32997,10490,31.8,29180,931,97,98,161,180,14,1287,4.81,0.34,0.55,7.778,32,none,waiting for your camera comparison,1.7,14,0
17900000000467548,carousel,7,2023-10-18,20:00,Wed,20,Unboxing photos and first look — full review dropping this week.,64,0,8,#gadgetreview #smartphone #reviewindia #gadgets #cameracomparison #unboxing #techreview #technews,1,33010,9208,27.9,10643,315,33,29,52,105,9,429,3.76,0.27,0.49,8.571,11,none,what's the price in India right now?,8.0,9,4
17900000000476475,reel,7,2023-10-18,19:30,Wed,19,The one setting you should turn off on your new phone right now.,64,2,7,#gadgetreview #cameracomparison #gadgets #unboxing #reviewindia #techreview #laptopreview,1,33029,7817,23.7,25196,1172,115,171,0,237,17,1443,6.03,0.68,0.00,7.173,14,battery_question:115,is this worth it over the last gen?,13.2,17,0
17900000000483175,reel,7,2023-10-19,20:50,Thu,20,"Comparing two laptops in the same price range side by side, no sponsor, just numbers.",85,0,7,#techtips #techreview #gadgets #technews #budgetphone #reviewindia #cameracomparison,1,33041,6673,20.2,22305,1108,69,106,130,186,7,1413,5.95,0.48,0.58,3.763,57,none,is this worth it over the last gen?,9.4,7,3
17900000000483541,reel,7,2023-10-19,13:50,Thu,13,"Comparing two laptops in the same price range side by side, no sponsor, just numbers.",85,0,5,#reviewindia #smartphone #unboxing #techtok #techtips,1,33047,5712,17.3,13247,693,66,102,88,58,5,949,7.38,0.77,0.66,8.621,66,none,do a budget alternative next,3.2,5,0
17900000000485815,reel,8,2023-10-20,22:00,Fri,22,Unboxing the new budget phone everyone's asking about — part 11 of the review series. First impressions on the camera in low light.,131,2,7,#gadgets #reviewindia #unboxing #technews #laptopreview #gadgetreview #smartphone,1,33070,10503,31.8,24479,1828,127,296,158,269,23,2409,10.11,1.21,0.65,8.550,85,price_question:127,is this worth it over the last gen?,6.6,23,1
17900000000488395,image,8,2023-10-20,22:20,Fri,22,New setup for the review desk. What should I test next?,55,2,5,#unboxing #gadgets #techtips #reviewindia #budgetphone,1,33070,3243,9.8,3256,80,6,11,13,28,2,110,3.56,0.34,0.40,7.143,3,comparison_request:6,bro said what we were all thinking,11.2,2,2
17900000000489389,carousel,8,2023-10-21,17:50,Sat,17,Spec sheet breakdown: what actually matters vs what's just marketing.,69,1,5,#smartphone #technews #techtips #gadgets #techreview,1,33075,4910,14.8,5804,290,19,40,17,58,6,366,5.89,0.69,0.29,10.345,18,none,is this worth it over the last gen?,13.8,6,3
17900000000497789,reel,8,2023-10-21,21:45,Sat,21,"Comparing two laptops in the same price range side by side, no sponsor, just numbers.",85,0,5,#cameracomparison #gadgetreview #laptopreview #unboxing #techtok,1,33100,9003,27.2,29597,1446,96,200,212,299,26,1954,6.03,0.68,0.72,8.696,89,none,do a budget alternative next,3.7,26,3
17900000000499789,carousel,8,2023-10-22,19:15,Sun,19,"5 budget phones under ₹20,000 ranked by camera quality — swipe for the winner.",78,2,5,#laptopreview #unboxing #techreview #cameracomparison #technews,1,33102,4592,13.9,7177,272,13,44,38,44,4,367,4.90,0.61,0.53,9.091,9,none,battery life review please!,10.7,4,4
17900000000501151,reel,8,2023-10-22,20:00,Sun,20,"Comparing two laptops in the same price range side by side, no sponsor, just numbers.",85,2,9,#unboxing #budgetphone #laptopreview #techtok #gadgets #gadgetreview #cameracomparison #techreview #technews,1,33117,8464,25.6,27208,996,71,182,124,147,17,1373,5.59,0.67,0.46,11.565,18,none,do a budget alternative next,3.4,17,1
17900000000508070,reel,8,2023-10-23,11:40,Mon,11,Unboxing the new budget phone everyone's asking about — part 12 of the review series. First impressions on the camera in low light.,131,2,9,#cameracomparison #techreview #unboxing #smartphone #laptopreview #gadgetreview #technews #reviewindia #techtips,1,33128,6915,20.9,15981,945,58,148,80,158,8,1231,7.77,0.93,0.50,5.063,1,none,what's the price in India right now?,8.2,8,1
17900000000510636,reel,8,2023-10-23,21:00,Mon,21,"60 second verdict: is this earbuds under ₹2000 actually good, or just hype?",75,1,9,#budgetphone #cameracomparison #techreview #laptopreview #techtips #reviewindia #gadgetreview #smartphone #unboxing,1,33147,10097,30.5,25127,1241,153,194,118,119,13,1706,6.80,0.77,0.47,10.924,132,none,battery life review please!,8.7,13,4
17900000000512923,carousel,8,2023-10-23,21:10,Mon,21,Unboxing photos and first look — full review dropping this week.,64,1,9,#techreview #reviewindia #unboxing #smartphone #techtok #techtips #cameracomparison #gadgetreview #budgetphone,1,33153,6745,20.3,7747,216,17,16,14,41,2,263,3.62,0.21,0.18,4.878,3,price_question:17,what's the price in India right now?,4.0,2,0
17900000000514504,carousel,8,2023-10-24,09:20,Tue,9,Spec sheet breakdown: what actually matters vs what's just marketing.,69,0,6,#gadgets #smartphone #budgetphone #reviewindia #techreview #techtips,1,33154,8816,26.6,10638,329,25,39,3,50,1,396,3.42,0.37,0.03,2.000,0,price_question:25,what's the price in India right now?,6.0,1,0
17900000000524144,image,8,2023-10-25,11:00,Wed,11,New setup for the review desk. What should I test next?,55,0,6,#cameracomparison #technews #unboxing #gadgets #budgetphone #techreview,1,33156,4233,12.8,4309,133,8,8,13,40,1,162,3.71,0.19,0.30,2.500,8,where_to_buy:8,waiting for your camera comparison,9.2,1,4
17900000000528270,carousel,8,2023-10-25,22:45,Wed,22,Unboxing photos and first look — full review dropping this week.,64,0,8,#techreview #gadgets #techtok #reviewindia #unboxing #smartphone #cameracomparison #techtips,1,33172,11677,35.2,16616,451,42,54,40,170,10,587,3.91,0.32,0.24,5.882,4,comparison_request:42,what's the price in India right now?,3.3,10,2
17900000000529329,reel,8,2023-10-26,20:20,Thu,20,"60 second verdict: is this earbuds under ₹2000 actually good, or just hype?",75,2,5,#smartphone #cameracomparison #laptopreview #techtok #techreview,1,33178,3806,11.5,10974,543,60,98,4,59,3,705,5.86,0.89,0.04,5.085,16,none,is this worth it over the last gen?,5.3,3,4
17900000000538663,reel,8,2023-10-26,17:50,Thu,17,The one setting you should turn off on your new phone right now.,64,2,7,#unboxing #technews #techreview #gadgets #techtips #gadgetreview #techtok,1,33210,11013,33.2,24347,1159,58,177,160,276,29,1554,5.89,0.73,0.66,10.507,0,price_question:58,bro said what we were all thinking,2.1,29,0
17900000000547385,image,8,2023-10-26,11:40,Thu,11,New setup for the review desk. What should I test next?,55,0,9,#gadgets #budgetphone #techtok #cameracomparison #unboxing #laptopreview #gadgetreview #smartphone #techtips,1,33213,2659,8.0,3761,89,8,7,3,32,1,107,2.76,0.19,0.08,3.125,0,comparison_request:8,do a budget alternative next,5.9,1,4
17900000000548015,reel,9,2023-10-27,17:10,Fri,17,"Comparing two laptops in the same price range side by side, no sponsor, just numbers.",85,0,6,#budgetphone #gadgets #smartphone #laptopreview #gadgetreview #cameracomparison,1,33223,4770,14.4,15127,448,27,28,48,85,7,551,3.52,0.19,0.32,8.235,26,none,do a budget alternative next,5.8,7,3
17900000000550840,reel,9,2023-10-28,21:40,Sat,21,The one setting you should turn off on your new phone right now.,64,1,8,#gadgets #technews #techtips #smartphone #unboxing #gadgetreview #techreview #budgetphone,1,33253,10315,31.0,34281,1232,87,192,150,287,31,1661,5.30,0.56,0.44,10.801,84,none,bro said what we were all thinking,6.5,31,1
17900000000558053,reel,9,2023-10-28,11:40,Sat,11,"60 second verdict: is this earbuds under ₹2000 actually good, or just hype?",75,0,6,#reviewindia #gadgetreview #cameracomparison #techtok #techtips #unboxing,1,33273,9280,27.9,26716,1188,82,142,194,169,15,1606,5.63,0.53,0.73,8.876,1,where_to_buy:82,what's the price in India right now?,4.4,15,0
17900000000565911,image,9,2023-10-28,19:45,Sat,19,New setup for the review desk. What should I test next?,55,2,8,#cameracomparison #techtok #gadgets #gadgetreview #reviewindia #techtips #unboxing #smartphone,1,33276,5246,15.8,5588,104,6,7,22,55,4,139,2.51,0.13,0.39,7.273,3,none,waiting for your camera comparison,8.3,4,3
17900000000574572,reel,9,2023-10-29,22:20,Sun,22,"Comparing two laptops in the same price range side by side, no sponsor, just numbers.",85,0,7,#gadgets #reviewindia #techreview #gadgetreview #unboxing #techtips #smartphone,1,33317,13746,41.3,46013,2609,196,492,247,344,41,3544,7.26,1.07,0.54,11.919,174,camera_question:196,do a budget alternative next,5.8,41,3
17900000000583716,reel,9,2023-10-29,19:50,Sun,19,Unboxing the new budget phone everyone's asking about — part 13 of the review series. First impressions on the camera in low light.,131,0,9,#techtips #gadgetreview #reviewindia #gadgets #laptopreview #cameracomparison #technews #techtok #techreview,1,33331,7494,22.5,17447,1247,79,137,117,123,9,1580,9.47,0.79,0.67,7.317,0,price_question:79,waiting for your camera comparison,9.1,9,3
17900000000584451,image,9,2023-10-30,17:00,Mon,17,New setup for the review desk. What should I test next?,55,2,7,#budgetphone #techreview #laptopreview #techtok #gadgetreview #unboxing #smartphone,1,33331,1303,3.9,1845,47,4,7,5,12,1,63,3.63,0.38,0.27,8.333,1,where_to_buy:4,waiting for your camera comparison,11.4,1,2
17900000000585471,reel,9,2023-10-31,19:45,Tue,19,"60 second verdict: is this earbuds under ₹2000 actually good, or just hype?",75,1,9,#techtips #techreview #unboxing #smartphone #gadgetreview #reviewindia #cameracomparison #gadgets #budgetphone,1,33338,9874,29.6,29961,697,50,90,6,149,4,843,2.95,0.30,0.02,2.685,13,none,what's the price in India right now?,8.3,4,2
17900000000588250,carousel,9,2023-10-31,19:10,Tue,19,Spec sheet breakdown: what actually matters vs what's just marketing.,69,1,5,#reviewindia #techreview #unboxing #smartphone #gadgetreview,5,33339,2928,8.8,3696,81,8,13,11,15,1,113,3.12,0.35,0.30,6.667,4,none,what's the price in India right now?,10.7,1,2
17900000000595293,image,9,2023-11-01,22:30,Wed,22,New setup for the review desk. What should I test next?,55,0,8,#techtok #cameracomparison #gadgetreview #reviewindia #gadgets #techreview #laptopreview #unboxing,1,33341,2656,8.0,2855,50,3,4,7,18,0,64,2.18,0.14,0.25,0.000,0,where_to_buy:3,what's the price in India right now?,6.1,0,2
17900000000597685,carousel,9,2023-11-01,22:30,Wed,22,Spec sheet breakdown: what actually matters vs what's just marketing.,69,1,8,#reviewindia #laptopreview #techreview #smartphone #budgetphone #technews #cameracomparison #gadgets,5,33345,2706,8.1,3743,106,6,9,18,34,2,139,3.42,0.24,0.48,5.882,4,price_question:6,do a budget alternative next,14.2,2,2
17900000000599248,reel,9,2023-11-01,17:30,Wed,17,"Comparing two laptops in the same price range side by side, no sponsor, just numbers.",85,0,7,#budgetphone #techtok #techtips #cameracomparison #technews #reviewindia #techreview,1,33366,9408,28.2,27215,684,78,89,88,297,19,939,3.17,0.33,0.32,6.397,53,battery_question:78,what's the price in India right now?,5.1,19,4
17900000000606844,image,9,2023-11-02,13:10,Thu,13,New setup for the review desk. What should I test next?,55,2,7,#cameracomparison #unboxing #budgetphone #techreview #gadgetreview #smartphone #laptopreview,1,33374,7008,21.0,8551,214,20,16,11,63,4,261,3.29,0.19,0.13,6.349,14,battery_question:20,is this worth it over the last gen?,11.0,4,0
17900000000612223,reel,10,2023-11-03,09:00,Fri,9,"60 second verdict: is this earbuds under ₹2000 actually good, or just hype?",75,1,6,#laptopreview #budgetphone #techtok #unboxing #gadgets #smartphone,1,33385,8641,25.9,19756,688,46,79,3,161,11,816,4.55,0.40,0.02,6.832,34,none,waiting for your camera comparison,2.5,11,3
17900000000612636,reel,10,2023-11-03,13:20,Fri,13,Unboxing the new budget phone everyone's asking about — part 14 of the review series. First impressions on the camera in low light.,131,0,9,#gadgetreview #unboxing #gadgets #budgetphone #techreview #smartphone #laptopreview #cameracomparison #technews,1,33390,8330,25.0,19462,1074,54,133,219,97,5,1480,7.13,0.68,1.13,5.155,35,none,do a budget alternative next,6.3,5,0
17900000000621260,carousel,10,2023-11-04,13:45,Sat,13,"5 budget phones under ₹20,000 ranked by camera quality — swipe for the winner.",78,2,9,#laptopreview #techtips #gadgets #techtok #cameracomparison #reviewindia #techreview #smartphone #technews,1,33399,3143,9.4,5001,114,8,9,19,41,4,150,2.75,0.18,0.38,9.756,7,comparison_request:8,is this worth it over the last gen?,12.5,4,3
17900000000623803,carousel,10,2023-11-05,11:10,Sun,11,Spec sheet breakdown: what actually matters vs what's just marketing.,69,1,6,#technews #techtok #cameracomparison #laptopreview #techreview #gadgetreview,1,33399,1581,4.7,2535,90,6,6,10,27,2,112,4.58,0.24,0.39,7.407,0,none,what's the price in India right now?,14.3,2,2
17900000000625425,reel,10,2023-11-05,20:15,Sun,20,Unboxing the new budget phone everyone's asking about — part 15 of the review series. First impressions on the camera in low light.,131,2,8,#reviewindia #technews #techtok #laptopreview #cameracomparison #gadgetreview #smartphone #gadgets,1,33422,10700,32.0,24381,1868,138,260,256,254,23,2522,9.51,1.07,1.05,9.055,131,camera_question:138,battery life review please!,12.9,23,1
17900000000633439,image,10,2023-11-05,11:45,Sun,11,New setup for the review desk. What should I test next?,55,2,5,#gadgets #techtok #budgetphone #techreview #smartphone,1,33427,3263,9.8,3597,115,5,15,8,21,1,143,3.97,0.42,0.22,4.762,5,none,bro said what we were all thinking,0.2,1,1
17900000000641822,image,10,2023-11-06,13:10,Mon,13,New setup for the review desk. What should I test next?,55,2,7,#smartphone #budgetphone #techtok #techreview #laptopreview #techtips #cameracomparison,1,33429,6230,18.6,6068,100,4,12,11,39,4,127,2.12,0.20,0.18,10.256,0,price_question:4,is this worth it over the last gen?,0.0,4,0
17900000000651821,story,10,2023-11-06,19:20,Mon,19,Quick gadget of the day — thoughts?,35,0,7,#budgetphone #techreview #smartphone #technews #laptopreview #techtok #reviewindia,1,33431,1137,3.4,1152,24,2,1,7,7,0,34,3.01,0.09,0.61,0.000,2,camera_question:2,do a budget alternative next,13.5,0,3
17900000000654222,carousel,10,2023-11-06,21:10,Mon,21,Spec sheet breakdown: what actually matters vs what's just marketing.,69,2,9,#smartphone #laptopreview #gadgets #reviewindia #cameracomparison #technews #techtips #unboxing #techreview,3,33440,4730,14.2,6978,207,23,25,27,60,4,282,3.91,0.36,0.39,6.667,5,price_question:23,is this worth it over the last gen?,7.2,4,4
17900000000657225,reel,10,2023-11-07,13:10,Tue,13,"Comparing two laptops in the same price range side by side, no sponsor, just numbers.",85,2,9,#techtips #budgetphone #gadgetreview #reviewindia #laptopreview #techtok #cameracomparison #gadgets #unboxing,1,33467,9794,29.3,25015,919,82,161,84,202,21,1246,4.70,0.64,0.34,10.396,55,none,bro said what we were all thinking,3.0,21,4
17900000000662085,carousel,10,2023-11-07,13:15,Tue,13,Unboxing photos and first look — full review dropping this week.,64,1,9,#laptopreview #cameracomparison #budgetphone #gadgets #techtips #techtok #smartphone #reviewindia #technews,1,33465,1574,4.7,2230,56,2,4,11,15,0,73,3.07,0.18,0.49,0.000,1,where_to_buy:2,what's the price in India right now?,12.6,0,2
17900000000665527,reel,10,2023-11-08,22:10,Wed,22,The one setting you should turn off on your new phone right now.,64,2,9,#smartphone #cameracomparison #gadgetreview #reviewindia #laptopreview #techtok #budgetphone #unboxing #techreview,1,33483,7814,23.4,26015,1449,120,97,240,156,13,1906,6.69,0.37,0.92,8.333,38,none,do a budget alternative next,5.5,13,4
17900000000674582,carousel,10,2023-11-08,17:20,Wed,17,Spec sheet breakdown: what actually matters vs what's just marketing.,69,2,8,#unboxing #cameracomparison #gadgets #laptopreview #gadgetreview #budgetphone #techtok #techreview,1,33487,6839,20.4,9783,233,13,23,25,94,4,294,3.25,0.24,0.26,4.255,6,none,do a budget alternative next,11.8,4,4
17900000000680548,carousel,10,2023-11-09,17:15,Thu,17,Unboxing photos and first look — full review dropping this week.,64,0,5,#gadgetreview #unboxing #reviewindia #laptopreview #techtips,5,33492,6133,18.3,7542,246,13,37,25,62,7,321,4.41,0.49,0.33,11.290,0,none,waiting for your camera comparison,9.3,7,0
17900000000685906,carousel,11,2023-11-10,11:45,Fri,11,Spec sheet breakdown: what actually matters vs what's just marketing.,69,2,9,#laptopreview #techtok #techreview #gadgetreview #budgetphone #cameracomparison #reviewindia #smartphone #technews,3,33492,6527,19.5,7947,380,18,61,0,65,1,451,5.67,0.77,0.00,1.538,15,none,what's the price in India right now?,3.1,1,3
17900000000687187,reel,11,2023-11-11,22:40,Sat,22,Unboxing the new budget phone everyone's asking about — part 16 of the review series. First impressions on the camera in low light.,131,1,5,#gadgets #techreview #unboxing #techtok #laptopreview,1,33505,8052,24.0,20231,1029,71,66,118,189,14,1284,6.49,0.33,0.58,7.407,7,camera_question:71,is this worth it over the last gen?,1.6,14,2
17900000000688704,reel,11,2023-11-11,22:45,Sat,22,"Comparing two laptops in the same price range side by side, no sponsor, just numbers.",85,0,5,#technews #unboxing #gadgetreview #smartphone #cameracomparison,1,33528,5123,15.3,16413,701,41,113,19,192,20,874,5.56,0.69,0.12,10.417,34,none,bro said what we were all thinking,0.6,20,4
17900000000698579,reel,11,2023-11-12,11:30,Sun,11,"60 second verdict: is this earbuds under ₹2000 actually good, or just hype?",75,1,7,#smartphone #reviewindia #gadgetreview #unboxing #techtips #gadgets #cameracomparison,1,33550,7688,22.9,18021,724,30,107,52,214,16,913,4.90,0.59,0.29,7.477,24,price_question:30,is this worth it over the last gen?,3.0,16,4
17900000000706661,reel,11,2023-11-13,17:10,Mon,17,Battery test for 24 hours straight — here's what actually happened.,67,1,9,#gadgets #smartphone #budgetphone #technews #gadgetreview #unboxing #techtok #reviewindia #laptopreview,1,33567,7955,23.7,20524,659,40,63,153,203,14,915,4.53,0.31,0.75,6.897,11,none,battery life review please!,6.7,14,2
17900000000714739,reel,11,2023-11-13,13:10,Mon,13,Battery test for 24 hours straight — here's what actually happened.,67,1,6,#gadgetreview #smartphone #techtok #gadgets #laptopreview #techreview,1,33586,6420,19.1,20292,1118,58,72,116,123,13,1364,6.62,0.35,0.57,10.569,33,none,what's the price in India right now?,3.3,13,4
17900000000719606,reel,11,2023-11-13,11:45,Mon,11,Battery test for 24 hours straight — here's what actually happened.,67,0,9,#techreview #cameracomparison #smartphone #unboxing #gadgetreview #techtips #gadgets #budgetphone #techtok,1,33592,6424,19.1,16893,683,29,72,88,73,3,872,5.47,0.43,0.52,4.110,28,battery_question:29,waiting for your camera comparison,14.7,3,2
17900000000721397,reel,11,2023-11-14,19:30,Tue,19,The one setting you should turn off on your new phone right now.,64,2,9,#techtips #unboxing #reviewindia #laptopreview #budgetphone #techtok #technews #techreview #cameracomparison,1,33614,11815,35.2,33249,990,70,111,18,293,22,1189,3.68,0.33,0.05,7.509,35,battery_question:70,is this worth it over the last gen?,3.2,22,1
17900000000724075,reel,11,2023-11-14,11:20,Tue,11,"Comparing two laptops in the same price range side by side, no sponsor, just numbers.",85,2,7,#laptopreview #gadgets #technews #techtips #gadgetreview #cameracomparison #techtok,1,33621,11979,35.6,26788,1321,65,177,100,115,9,1663,6.83,0.66,0.37,7.826,14,where_to_buy:65,what's the price in India right now?,9.0,9,4
17900000000724480,carousel,11,2023-11-15,19:10,Wed,19,"5 budget phones under ₹20,000 ranked by camera quality — swipe for the winner.",78,0,8,#techtips #technews #cameracomparison #unboxing #smartphone #reviewindia #laptopreview #techtok,1,33630,7462,22.2,11595,430,21,61,35,131,10,547,4.61,0.53,0.30,7.634,15,where_to_buy:21,what's the price in India right now?,7.8,10,4
17900000000731457,carousel,11,2023-11-15,11:15,Wed,11,Spec sheet breakdown: what actually matters vs what's just marketing.,69,2,9,#techtips #techreview #gadgetreview #laptopreview #gadgets #cameracomparison #smartphone #technews #reviewindia,5,33636,3279,9.8,4868,190,8,24,26,28,2,248,5.08,0.49,0.53,7.143,7,none,do a budget alternative next,6.4,2,2
17900000000739374,carousel,11,2023-11-15,11:30,Wed,11,Unboxing photos and first look — full review dropping this week.,64,1,9,#reviewindia #techtok #smartphone #techreview #gadgetreview #cameracomparison #laptopreview #technews #budgetphone,1,33643,6349,18.9,10002,250,19,35,38,60,4,342,3.49,0.35,0.38,6.667,6,camera_question:19,do a budget alternative next,8.3,4,4
17900000000747378,reel,11,2023-11-16,22:30,Thu,22,Battery test for 24 hours straight — here's what actually happened.,67,1,9,#budgetphone #reviewindia #unboxing #gadgets #smartphone #technews #laptopreview #gadgetreview #techreview,1,33651,10738,31.9,27982,1345,120,107,88,327,9,1660,5.88,0.38,0.31,2.752,109,where_to_buy:120,bro said what we were all thinking,1.0,9,1
17900000000753553,reel,12,2023-11-17,21:45,Fri,21,The one setting you should turn off on your new phone right now.,64,2,9,#techtok #techtips #techreview #unboxing #technews #smartphone #cameracomparison #gadgets #gadgetreview,1,33686,12072,35.9,33890,1784,157,183,107,313,36,2231,6.33,0.54,0.32,11.502,56,none,battery life review please!,6.1,36,1
17900000000762135,image,12,2023-11-19,19:40,Sun,19,New setup for the review desk. What should I test next?,55,1,7,#smartphone #techtips #laptopreview #technews #reviewindia #techtok #techreview,1,33695,5767,17.1,5696,116,13,18,6,66,7,153,2.95,0.32,0.11,10.606,1,none,bro said what we were all thinking,3.6,7,2
17900000000769752,carousel,12,2023-11-19,09:50,Sun,9,"5 budget phones under ₹20,000 ranked by camera quality — swipe for the winner.",78,1,7,#gadgets #reviewindia #smartphone #techtips #budgetphone #gadgetreview #unboxing,1,33704,5361,15.9,8533,224,21,37,24,39,4,306,3.78,0.43,0.28,10.256,0,comparison_request:21,bro said what we were all thinking,14.0,4,1
17900000000778027,reel,12,2023-11-20,17:30,Mon,17,"60 second verdict: is this earbuds under ₹2000 actually good, or just hype?",75,1,6,#smartphone #laptopreview #techtips #budgetphone #unboxing #reviewindia,1,33718,11588,34.4,34772,2231,211,275,73,150,11,2790,7.77,0.79,0.21,7.333,86,none,bro said what we were all thinking,2.7,11,4
17900000000782718,reel,12,2023-11-20,13:00,Mon,13,The one setting you should turn off on your new phone right now.,64,1,8,#technews #gadgetreview #techreview #cameracomparison #budgetphone #smartphone #laptopreview #gadgets,1,33727,9038,26.8,25453,883,86,103,153,122,7,1225,5.00,0.40,0.60,5.738,26,where_to_buy:86,what's the price in India right now?,14.4,7,2
17900000000788813,reel,12,2023-11-21,21:40,Tue,21,Battery test for 24 hours straight — here's what actually happened.,67,1,8,#techtok #technews #unboxing #techtips #smartphone #reviewindia #techreview #gadgetreview,1,33732,6340,18.8,20363,964,87,108,12,83,5,1171,6.12,0.53,0.06,6.024,49,camera_question:87,battery life review please!,3.8,5,4
17900000000789694,carousel,12,2023-11-22,09:20,Wed,9,Spec sheet breakdown: what actually matters vs what's just marketing.,69,1,8,#cameracomparison #gadgets #technews #budgetphone #techtok #unboxing #reviewindia #techtips,1,33742,4093,12.1,5346,97,8,13,9,46,4,127,2.44,0.24,0.17,8.696,0,none,battery life review please!,7.3,4,3
17900000000791078,reel,12,2023-11-23,13:15,Thu,13,Battery test for 24 hours straight — here's what actually happened.,67,0,8,#cameracomparison #techtips #laptopreview #reviewindia #gadgets #techreview #technews #unboxing,1,33766,10523,31.2,26842,1181,68,132,89,292,18,1470,5.75,0.49,0.33,6.164,52,battery_question:68,what's the price in India right now?,10.9,18,2
17900000000792489,reel,13,2023-11-24,11:10,Fri,11,"Comparing two laptops in the same price range side by side, no sponsor, just numbers.",85,1,9,#techreview #laptopreview #reviewindia #gadgetreview #gadgets #cameracomparison #unboxing #techtok #technews,1,33775,11150,33.0,29727,1848,128,139,151,244,11,2266,8.06,0.47,0.51,4.508,9,none,battery life review please!,14.6,11,4
17900000000797052,reel,13,2023-11-25,13:50,Sat,13,The one setting you should turn off on your new phone right now.,64,1,8,#gadgetreview #cameracomparison #laptopreview #techtok #budgetphone #smartphone #techtips #gadgets,1,33791,6721,19.9,17729,774,30,125,91,191,11,1020,6.05,0.71,0.51,5.759,11,camera_question:30,waiting for your camera comparison,0.1,11,3
17900000000801951,carousel,13,2023-11-25,09:40,Sat,9,"5 budget phones under ₹20,000 ranked by camera quality — swipe for the winner.",78,0,8,#gadgetreview #reviewindia #cameracomparison #smartphone #unboxing #budgetphone #techtips #laptopreview,1,33799,4145,12.3,4772,160,15,21,8,45,2,204,4.19,0.44,0.17,4.444,6,comparison_request:15,is this worth it over the last gen?,1.7,2,3
17900000000809469,carousel,13,2023-11-26,17:40,Sun,17,"5 budget phones under ₹20,000 ranked by camera quality — swipe for the winner.",78,1,6,#techreview #gadgetreview #laptopreview #unboxing #gadgets #cameracomparison,1,33810,8598,25.4,13158,343,27,37,58,85,8,465,3.74,0.28,0.44,9.412,1,none,is this worth it over the last gen?,11.3,8,1
17900000000810487,reel,13,2023-11-27,22:15,Mon,22,"60 second verdict: is this earbuds under ₹2000 actually good, or just hype?",75,2,7,#reviewindia #techreview #gadgets #smartphone #laptopreview #technews #gadgetreview,1,33843,15337,45.4,37468,1628,155,152,289,266,30,2224,5.67,0.41,0.77,11.278,15,none,is this worth it over the last gen?,7.8,30,2
17900000000818471,reel,13,2023-11-28,09:20,Tue,9,Unboxing the new budget phone everyone's asking about — part 17 of the review series. First impressions on the camera in low light.,131,2,6,#cameracomparison #reviewindia #budgetphone #techreview #unboxing #laptopreview,1,33859,9810,29.0,30737,1492,158,190,217,269,17,2057,7.42,0.62,0.71,6.320,0,where_to_buy:158,is this worth it over the last gen?,5.1,17,0
17900000000819550,reel,13,2023-11-28,13:10,Tue,13,"60 second verdict: is this earbuds under ₹2000 actually good, or just hype?",75,1,8,#smartphone #budgetphone #gadgetreview #cameracomparison #technews #techtips #gadgets #techreview,1,33866,7027,20.8,16637,726,52,71,79,159,7,928,5.17,0.43,0.47,4.403,35,camera_question:52,do a budget alternative next,13.0,7,4
17900000000828735,reel,13,2023-11-29,22:30,Wed,22,Battery test for 24 hours straight — here's what actually happened.,67,0,9,#budgetphone #technews #techreview #gadgetreview #reviewindia #laptopreview #gadgets #techtips #unboxing,1,33882,7324,21.6,22364,1047,70,128,81,178,14,1326,5.75,0.57,0.36,7.865,58,comparison_request:70,battery life review please!,7.8,14,0
17900000000829552,reel,13,2023-11-30,09:20,Thu,9,Unboxing the new budget phone everyone's asking about — part 18 of the review series. First impressions on the camera in low light.,131,1,8,#smartphone #gadgets #techreview #reviewindia #technews #techtok #gadgetreview #budgetphone,1,33892,10749,31.7,31375,1808,91,202,50,348,12,2151,7.50,0.64,0.16,3.448,1,none,waiting for your camera comparison,0.9,12,4
17900000000834007,reel,13,2023-11-30,11:30,Thu,11,Unboxing the new budget phone everyone's asking about — part 19 of the review series. First impressions on the camera in low light.,131,0,6,#gadgetreview #gadgets #cameracomparison #smartphone #reviewindia #techtips,1,33924,11598,34.2,33366,2422,194,358,83,338,27,3057,8.41,1.07,0.25,7.988,54,none,what's the price in India right now?,6.0,27,2
17900000000836698,reel,13,2023-11-30,22:40,Thu,22,Battery test for 24 hours straight — here's what actually happened.,67,0,9,#budgetphone #laptopreview #reviewindia #techtips #cameracomparison #techtok #gadgets #gadgetreview #technews,1,33929,10638,31.4,32777,1116,125,71,121,140,7,1433,4.50,0.22,0.37,5.000,87,camera_question:125,battery life review please!,14.8,7,1
17900000000841957,carousel,14,2023-12-02,19:15,Sat,19,"5 budget phones under ₹20,000 ranked by camera quality — swipe for the winner.",78,2,5,#technews #budgetphone #unboxing #techtips #techtok,5,33942,7422,21.9,9212,224,16,40,27,90,8,307,3.14,0.43,0.29,8.889,13,where_to_buy:16,do a budget alternative next,8.9,8,2
17900000000842669,carousel,14,2023-12-02,21:10,Sat,21,"5 budget phones under ₹20,000 ranked by camera quality — swipe for the winner.",78,1,7,#budgetphone #reviewindia #cameracomparison #gadgets #smartphone #laptopreview #techtips,3,33944,1635,4.8,2412,90,7,9,19,20,1,125,5.05,0.37,0.79,5.000,0,where_to_buy:7,do a budget alternative next,1.4,1,3
17900000000847516,carousel,14,2023-12-02,13:15,Sat,13,Spec sheet breakdown: what actually matters vs what's just marketing.,69,0,5,#technews #techtips #techreview #gadgetreview #reviewindia,1,33955,7478,22.0,10163,330,23,27,24,72,5,404,3.83,0.27,0.24,6.944,21,none,bro said what we were all thinking,4.0,5,3
17900000000852914,reel,14,2023-12-03,11:45,Sun,11,"Comparing two laptops in the same price range side by side, no sponsor, just numbers.",85,0,7,#budgetphone #smartphone #laptopreview #techtips #techreview #reviewindia #unboxing,1,33972,10480,30.9,33234,1737,122,288,22,195,17,2169,6.16,0.87,0.07,8.718,1,price_question:122,is this worth it over the last gen?,9.3,17,1
17900000000857727,reel,14,2023-12-03,11:30,Sun,11,"Comparing two laptops in the same price range side by side, no sponsor, just numbers.",85,2,8,#techreview #budgetphone #smartphone #gadgetreview #techtips #gadgets #techtok #cameracomparison,1,33989,6261,18.4,18400,917,79,94,42,206,15,1132,5.60,0.51,0.23,7.282,0,where_to_buy:79,what's the price in India right now?,4.1,15,3
17900000000857963,carousel,14,2023-12-04,20:10,Mon,20,"5 budget phones under ₹20,000 ranked by camera quality — swipe for the winner.",78,0,7,#cameracomparison #reviewindia #smartphone #laptopreview #gadgets #unboxing #techtips,1,33993,3572,10.5,4336,155,17,10,17,25,1,199,4.61,0.23,0.39,4.000,6,battery_question:17,what's the price in India right now?,5.3,1,2
17900000000861932,story,14,2023-12-05,19:00,Tue,19,Quick gadget of the day — thoughts?,35,2,8,#techreview #gadgetreview #techtok #smartphone #unboxing #technews #cameracomparison #gadgets,1,33999,4108,12.1,5267,213,11,19,24,27,3,267,4.97,0.36,0.46,11.111,9,battery_question:11,what's the price in India right now?,8.7,3,1
17900000000864294,reel,14,2023-12-05,13:45,Tue,13,"60 second verdict: is this earbuds under ₹2000 actually good, or just hype?",75,2,9,#unboxing #budgetphone #gadgets #gadgetreview #techtips #technews #laptopreview #reviewindia #techreview,1,34007,4657,13.7,12547,559,61,93,7,143,7,720,5.85,0.74,0.06,4.895,22,price_question:61,is this worth it over the last gen?,4.0,7,4
17900000000868177,carousel,14,2023-12-05,17:00,Tue,17,Spec sheet breakdown: what actually matters vs what's just marketing.,69,0,5,#laptopreview #technews #unboxing #gadgetreview #cameracomparison,1,34010,3522,10.4,5647,153,8,11,36,57,1,208,3.70,0.19,0.64,1.754,7,battery_question:8,do a budget alternative next,2.7,1,3
17900000000876304,image,14,2023-12-06,17:45,Wed,17,New setup for the review desk. What should I test next?,55,1,5,#techtips #reviewindia #budgetphone #cameracomparison #techreview,1,34019,3451,10.1,4639,81,5,8,2,45,3,96,2.28,0.17,0.04,6.667,3,price_question:5,waiting for your camera comparison,11.6,3,2
17900000000883962,reel,14,2023-12-06,19:00,Wed,19,The one setting you should turn off on your new phone right now.,64,2,6,#technews #cameracomparison #laptopreview #gadgets #gadgetreview #techtips,1,34030,4111,12.1,12433,545,40,46,74,108,10,705,6.12,0.37,0.60,9.259,0,battery_question:40,battery life review please!,13.6,10,1
17900000000886086,carousel,14,2023-12-07,20:10,Thu,20,Unboxing photos and first look — full review dropping this week.,64,0,8,#laptopreview #gadgetreview #techtips #unboxing #reviewindia #techtok #smartphone #techreview,1,34032,970,2.9,1392,43,4,3,9,13,0,59,4.12,0.22,0.65,0.000,3,battery_question:4,what's the price in India right now?,0.1,0,2
17900000000886386,image,15,2023-12-08,09:50,Fri,9,New setup for the review desk. What should I test next?,55,2,6,#techtips #cameracomparison #technews #laptopreview #reviewindia #smartphone,1,34035,5066,14.9,5350,163,12,25,4,23,0,204,3.78,0.47,0.07,0.000,3,price_question:12,is this worth it over the last gen?,12.6,0,2
17900000000891910,image,15,2023-12-08,09:10,Fri,9,New setup for the review desk. What should I test next?,55,2,6,#unboxing #cameracomparison #techtok #gadgetreview #laptopreview #smartphone,1,34035,1813,5.3,1727,41,4,6,3,17,1,54,3.00,0.35,0.17,5.882,2,comparison_request:4,is this worth it over the last gen?,4.9,1,3
17900000000900605,reel,15,2023-12-09,09:10,Sat,9,The one setting you should turn off on your new phone right now.,64,2,9,#gadgets #technews #techtips #techtok #reviewindia #gadgetreview #unboxing #budgetphone #cameracomparison,1,34042,7602,22.3,21215,1239,123,204,14,124,6,1580,7.13,0.96,0.07,4.839,22,price_question:123,waiting for your camera comparison,1.8,6,1
17900000000907498,reel,15,2023-12-10,17:00,Sun,17,"60 second verdict: is this earbuds under ₹2000 actually good, or just hype?",75,0,7,#techtok #gadgets #laptopreview #techtips #budgetphone #reviewindia #techreview,1,34079,10057,29.5,26886,1481,140,118,15,286,32,1754,6.44,0.44,0.06,11.189,17,none,do a budget alternative next,2.3,32,3
17900000000916395,image,15,2023-12-10,22:45,Sun,22,New setup for the review desk. What should I test next?,55,2,9,#techtok #techtips #budgetphone #gadgetreview #techreview #gadgets #laptopreview #unboxing #cameracomparison,1,34080,4218,12.4,5699,141,11,11,21,50,2,184,3.34,0.19,0.37,4.000,11,none,battery life review please!,4.1,2,0
17900000000924638,reel,15,2023-12-11,19:20,Mon,19,The one setting you should turn off on your new phone right now.,64,0,7,#unboxing #gadgets #budgetphone #techreview #smartphone #gadgetreview #technews,1,34089,8722,25.6,28510,687,53,115,45,184,10,900,3.39,0.40,0.16,5.435,7,none,what's the price in India right now?,0.5,10,3
17900000000933296,reel,15,2023-12-11,19:00,Mon,19,The one setting you should turn off on your new phone right now.,64,0,5,#budgetphone #technews #techreview #gadgets #techtok,1,34116,9348,27.4,27646,1486,94,195,218,281,25,1993,7.66,0.71,0.79,8.897,15,where_to_buy:94,is this worth it over the last gen?,8.4,25,0
17900000000936780,reel,15,2023-12-11,20:30,Mon,20,"60 second verdict: is this earbuds under ₹2000 actually good, or just hype?",75,0,7,#techtips #smartphone #unboxing #gadgets #techtok #technews #laptopreview,1,34133,8703,25.5,19528,799,58,63,180,139,12,1100,5.22,0.32,0.92,8.633,13,camera_question:58,battery life review please!,11.4,12,4
17900000000938166,carousel,15,2023-12-12,22:15,Tue,22,"5 budget phones under ₹20,000 ranked by camera quality — swipe for the winner.",78,1,8,#gadgets #technews #techtok #cameracomparison #gadgetreview #laptopreview #reviewindia #budgetphone,3,34135,3287,9.6,5387,198,17,29,1,59,4,245,4.66,0.54,0.02,6.780,12,price_question:17,battery life review please!,4.2,4,2
17900000000947681,reel,15,2023-12-12,11:45,Tue,11,Unboxing the new budget phone everyone's asking about — part 20 of the review series. First impressions on the camera in low light.,131,2,7,#gadgetreview #cameracomparison #gadgets #techtok #technews #smartphone #laptopreview,1,34164,10351,30.3,29511,1387,90,222,103,257,25,1802,5.58,0.75,0.35,9.728,60,none,bro said what we were all thinking,2.6,25,0
17900000000957188,carousel,15,2023-12-12,11:50,Tue,11,Spec sheet breakdown: what actually matters vs what's just marketing.,69,2,9,#gadgets #technews #unboxing #techtok #reviewindia #techreview #gadgetreview #cameracomparison #smartphone,5,34173,8074,23.6,9212,212,18,33,25,96,9,288,3.32,0.36,0.27,9.375,4,battery_question:18,waiting for your camera comparison,2.9,9,2
17900000000962198,image,15,2023-12-13,19:45,Wed,19,New setup for the review desk. What should I test next?,55,2,5,#techtips #techreview #laptopreview #gadgetreview #reviewindia,1,34175,683,2.0,659,21,0,2,3,7,0,26,3.74,0.30,0.46,0.000,0,none,do a budget alternative next,5.9,0,2
17900000000968569,reel,15,2023-12-13,21:20,Wed,21,"60 second verdict: is this earbuds under ₹2000 actually good, or just hype?",75,1,8,#unboxing #smartphone #gadgetreview #reviewindia #budgetphone #techtips #cameracomparison #gadgets,1,34208,12928,37.8,30469,1105,53,178,38,282,33,1374,5.00,0.58,0.12,11.702,3,price_question:53,waiting for your camera comparison,10.4,33,3
17900000000971614,reel,15,2023-12-14,22:45,Thu,22,Battery test for 24 hours straight — here's what actually happened.,67,2,6,#unboxing #reviewindia #techtips #techreview #technews #cameracomparison,1,34220,5678,16.6,14337,663,26,44,102,112,7,835,5.37,0.31,0.71,6.250,0,price_question:26,do a budget alternative next,14.8,7,2
17900000000979331,reel,15,2023-12-14,11:20,Thu,11,"Comparing two laptops in the same price range side by side, no sponsor, just numbers.",85,2,5,#cameracomparison #laptopreview #gadgetreview #techtok #techreview,1,34235,7450,21.8,16558,941,72,89,22,112,13,1124,6.85,0.54,0.13,11.607,34,comparison_request:72,do a budget alternative next,10.9,13,4
17900000000983698,reel,16,2023-12-15,13:00,Fri,13,Battery test for 24 hours straight — here's what actually happened.,67,1,9,#techreview #techtok #technews #gadgets #unboxing #cameracomparison #laptopreview #techtips #reviewindia,1,34246,10135,29.6,32570,1354,74,190,226,169,11,1844,6.27,0.58,0.69,6.509,51,none,what's the price in India right now?,12.0,11,0
17900000000989415,story,16,2023-12-16,13:50,Sat,13,Quick gadget of the day — thoughts?,35,1,8,#smartphone #cameracomparison #technews #unboxing #laptopreview #techtok #budgetphone #gadgetreview,1,34252,3621,10.6,4413,152,11,18,15,51,5,196,4.88,0.41,0.34,9.804,7,none,waiting for your camera comparison,2.2,5,3
17900000000989709,reel,16,2023-12-16,22:45,Sat,22,Battery test for 24 hours straight — here's what actually happened.,67,0,9,#cameracomparison #techreview #gadgets #gadgetreview #budgetphone #reviewindia #smartphone #techtok #unboxing,1,34272,10300,30.1,23947,971,96,147,46,236,19,1260,5.11,0.61,0.19,8.051,56,camera_question:96,do a budget alternative next,8.2,19,0
17900000000990922,reel,16,2023-12-16,11:10,Sat,11,"Comparing two laptops in the same price range side by side, no sponsor, just numbers.",85,2,7,#smartphone #techtok #cameracomparison #laptopreview #techreview #technews #techtips,1,34290,11562,33.7,34434,2491,201,335,0,170,18,2953,8.04,0.97,0.00,10.588,154,none,do a budget alternative next,13.4,18,1
17900000000995172,carousel,16,2023-12-17,11:50,Sun,11,Spec sheet breakdown: what actually matters vs what's just marketing.,69,0,8,#laptopreview #cameracomparison #budgetphone #techtok #unboxing #reviewindia #techreview #technews,5,34298,3494,10.2,4540,140,7,14,6,36,4,167,4.04,0.31,0.13,11.111,1,none,is this worth it over the last gen?,3.3,4,0
17900000001002506,reel,16,2023-12-18,11:10,Mon,11,The one setting you should turn off on your new phone right now.,64,2,7,#technews #techreview #laptopreview #unboxing #cameracomparison #techtips #budgetphone,1,34310,9666,28.2,25091,893,89,148,110,196,13,1240,5.05,0.59,0.44,6.633,28,camera_question:89,waiting for your camera comparison,1.8,13,4
17900000001008486,reel,16,2023-12-18,19:45,Mon,19,Unboxing the new budget phone everyone's asking about — part 21 of the review series. First impressions on the camera in low light.,131,1,5,#budgetphone #gadgetreview #laptopreview #gadgets #technews,1,34317,7220,21.0,17672,1155,95,105,11,125,4,1366,7.65,0.59,0.06,3.200,1,battery_question:95,do a budget alternative next,2.8,4,0
17900000001011749,reel,16,2023-12-20,21:10,Wed,21,The one setting you should turn off on your new phone right now.,64,1,7,#technews #gadgetreview #laptopreview #techreview #cameracomparison #unboxing #techtips,1,34345,11725,34.2,31475,1090,83,182,0,345,27,1355,4.57,0.58,0.00,7.826,0,price_question:83,what's the price in India right now?,0.3,27,4
17900000001012599,reel,16,2023-12-20,13:00,Wed,13,"60 second verdict: is this earbuds under ₹2000 actually good, or just hype?",75,2,5,#techtok #gadgets #technews #unboxing #cameracomparison,1,34376,8039,23.4,22442,1039,108,122,120,235,27,1389,5.84,0.54,0.53,11.489,39,comparison_request:108,do a budget alternative next,2.1,27,1
17900000001013445,carousel,16,2023-12-20,20:10,Wed,20,"5 budget phones under ₹20,000 ranked by camera quality — swipe for the winner.",78,1,7,#unboxing #reviewindia #laptopreview #budgetphone #techtips #smartphone #gadgets,3,34377,5232,15.2,6087,214,20,13,21,48,1,268,4.12,0.21,0.34,2.083,5,none,bro said what we were all thinking,10.4,1,1
17900000001015889,reel,16,2023-12-21,21:20,Thu,21,"60 second verdict: is this earbuds under ₹2000 actually good, or just hype?",75,0,9,#laptopreview #techreview #techtips #unboxing #technews #techtok #cameracomparison #gadgetreview #reviewindia,1,34404,10224,29.7,24890,977,77,147,0,296,22,1154,4.23,0.59,0.00,7.432,58,where_to_buy:77,what's the price in India right now?,10.3,22,3
17900000001024140,reel,16,2023-12-21,09:00,Thu,9,Battery test for 24 hours straight — here's what actually happened.,67,1,7,#smartphone #reviewindia #techtok #budgetphone #technews #techreview #cameracomparison,1,34415,4256,12.4,10281,462,21,77,30,100,8,590,5.43,0.75,0.29,8.000,14,battery_question:21,do a budget alternative next,11.7,8,2
17900000001027971,carousel,17,2023-12-22,17:45,Fri,17,"5 budget phones under ₹20,000 ranked by camera quality — swipe for the winner.",78,1,5,#technews #techtips #laptopreview #techreview #reviewindia,1,34422,9246,26.9,12677,466,46,67,53,149,7,632,5.11,0.53,0.42,4.698,39,none,is this worth it over the last gen?,12.8,7,3
17900000001034923,reel,17,2023-12-23,19:15,Sat,19,The one setting you should turn off on your new phone right now.,64,0,6,#techtips #gadgetreview #smartphone #gadgets #reviewindia #technews,1,34437,8389,24.4,20664,507,20,57,67,226,11,651,3.17,0.28,0.32,4.867,2,camera_question:20,bro said what we were all thinking,13.5,11,3
17900000001035747,carousel,17,2023-12-25,09:45,Mon,9,Unboxing photos and first look — full review dropping this week.,64,1,8,#technews #gadgets #laptopreview #techtips #smartphone #techreview #techtok #reviewindia,3,34443,3532,10.3,4353,113,13,7,18,40,1,151,3.59,0.16,0.41,2.500,1,none,is this worth it over the last gen?,2.1,1,3
17900000001038877,carousel,17,2023-12-25,20:50,Mon,20,Unboxing photos and first look — full review dropping this week.,64,1,5,#cameracomparison #gadgets #reviewindia #budgetphone #techreview,1,34448,8819,25.6,13346,377,20,53,25,119,7,475,3.49,0.40,0.19,5.882,17,none,do a budget alternative next,5.7,7,3
17900000001039646,reel,17,2023-12-26,11:20,Tue,11,"60 second verdict: is this earbuds under ₹2000 actually good, or just hype?",75,2,7,#smartphone #gadgetreview #gadgets #technews #laptopreview #reviewindia #budgetphone,1,34460,7143,20.7,23290,1024,43,110,145,177,13,1322,5.67,0.47,0.62,7.345,25,none,do a budget alternative next,6.8,13,2
17900000001040821,image,17,2023-12-27,11:10,Wed,11,New setup for the review desk. What should I test next?,55,0,6,#techtok #gadgets #cameracomparison #unboxing #laptopreview #techreview,1,34463,1501,4.4,2053,44,2,7,3,17,0,56,2.75,0.34,0.15,0.000,0,battery_question:2,do a budget alternative next,2.8,0,0
17900000001044727,reel,17,2023-12-28,20:45,Thu,20,The one setting you should turn off on your new phone right now.,64,0,7,#cameracomparison #laptopreview #budgetphone #technews #gadgetreview #smartphone #unboxing,1,34473,7147,20.7,18357,464,32,47,77,197,8,620,3.20,0.26,0.42,4.061,14,none,bro said what we were all thinking,2.7,8,1
17900000001047341,reel,17,2023-12-28,11:00,Thu,11,Battery test for 24 hours straight — here's what actually happened.,67,2,9,#unboxing #technews #techtok #budgetphone #laptopreview #gadgets #techtips #techreview #cameracomparison,1,34505,8801,25.5,24067,1307,61,86,203,275,27,1657,6.29,0.36,0.84,9.818,0,comparison_request:61,do a budget alternative next,7.6,27,2
17900000001055205,image,17,2023-12-28,13:50,Thu,13,New setup for the review desk. What should I test next?,55,1,5,#laptopreview #technews #techreview #unboxing #gadgets,1,34510,5755,16.7,7776,155,7,22,28,67,3,212,2.76,0.28,0.36,4.478,6,where_to_buy:7,bro said what we were all thinking,14.6,3,3
17900000001058490,carousel,18,2023-12-29,09:40,Fri,9,Spec sheet breakdown: what actually matters vs what's just marketing.,69,2,6,#laptopreview #reviewindia #budgetphone #cameracomparison #techtips #techreview,3,34527,7402,21.5,12412,363,36,44,54,148,15,497,3.73,0.35,0.44,10.135,28,none,waiting for your camera comparison,12.5,15,4
17900000001060000,reel,18,2023-12-29,19:50,Fri,19,The one setting you should turn off on your new phone right now.,64,1,7,#gadgets #techtips #reviewindia #laptopreview #techreview #smartphone #budgetphone,1,34537,7879,22.8,22536,1286,60,104,122,158,12,1572,6.69,0.46,0.54,7.595,25,none,battery life review please!,11.1,12,1
17900000001060539,reel,18,2023-12-30,19:50,Sat,19,Unboxing the new budget phone everyone's asking about — part 22 of the review series. First impressions on the camera in low light.,131,0,7,#reviewindia #unboxing #technews #smartphone #techreview #techtips #cameracomparison,1,34565,9219,26.7,26833,641,46,60,73,254,29,820,3.15,0.22,0.27,11.417,30,comparison_request:46,bro said what we were all thinking,2.4,29,0
17900000001063033,reel,18,2023-12-30,13:40,Sat,13,"60 second verdict: is this earbuds under ₹2000 actually good, or just hype?",75,2,5,#techtok #budgetphone #reviewindia #cameracomparison #techreview,1,34597,11454,33.1,37861,1625,81,116,161,379,29,1983,5.23,0.31,0.43,7.652,35,comparison_request:81,do a budget alternative next,1.4,29,4
17900000001068894,reel,18,2023-12-31,19:40,Sun,19,"Comparing two laptops in the same price range side by side, no sponsor, just numbers.",85,1,8,#budgetphone #unboxing #gadgets #smartphone #cameracomparison #techtok #techtips #laptopreview,1,34609,6446,18.6,19446,1062,93,144,0,202,13,1280,6.04,0.74,0.00,6.436,49,none,is this worth it over the last gen?,4.7,13,2
17900000001071271,carousel,18,2023-12-31,20:15,Sun,20,Unboxing photos and first look — full review dropping this week.,64,2,7,#techreview #gadgets #smartphone #unboxing #gadgetreview #budgetphone #cameracomparison,5,34616,6870,19.9,11534,343,15,21,40,90,6,419,3.69,0.18,0.35,6.667,14,price_question:15,do a budget alternative next,7.0,6,2
17900000001072080,reel,18,2023-12-31,09:10,Sun,9,Unboxing the new budget phone everyone's asking about — part 23 of the review series. First impressions on the camera in low light.,131,1,9,#smartphone #techtips #laptopreview #unboxing #budgetphone #techreview #reviewindia #gadgets #gadgetreview,1,34621,8392,24.2,20122,1478,80,183,74,96,7,1815,9.02,0.91,0.37,7.292,59,camera_question:80,what's the price in India right now?,13.5,7,4
17900000001072250,reel,18,2024-01-01,17:50,Mon,17,Battery test for 24 hours straight — here's what actually happened.,67,1,9,#unboxing #technews #gadgets #laptopreview #budgetphone #smartphone #reviewindia #techtips #techtok,1,34636,10930,31.6,28174,849,64,89,77,177,16,1079,3.86,0.32,0.27,9.040,6,comparison_request:64,waiting for your camera comparison,9.0,16,2
17900000001079623,reel,18,2024-01-01,21:30,Mon,21,"Comparing two laptops in the same price range side by side, no sponsor, just numbers.",85,1,6,#gadgets #technews #budgetphone #unboxing #techreview #techtips,1,34644,9056,26.1,24655,932,49,109,186,215,8,1276,5.02,0.44,0.75,3.721,37,price_question:49,what's the price in India right now?,8.9,8,3
17900000001081734,reel,18,2024-01-01,21:50,Mon,21,Battery test for 24 hours straight — here's what actually happened.,67,1,9,#techtips #techtok #reviewindia #budgetphone #technews #gadgetreview #cameracomparison #smartphone #laptopreview,1,34652,8923,25.8,24466,869,48,149,43,103,9,1109,4.91,0.61,0.18,8.738,10,none,what's the price in India right now?,10.2,9,1
17900000001086794,reel,18,2024-01-02,11:50,Tue,11,"Comparing two laptops in the same price range side by side, no sponsor, just numbers.",85,0,6,#techtok #cameracomparison #technews #techtips #laptopreview #gadgetreview,1,34670,12437,35.9,35439,1187,91,217,145,250,14,1640,4.25,0.61,0.41,5.600,20,battery_question:91,is this worth it over the last gen?,9.9,14,2
17900000001089583,reel,18,2024-01-02,13:30,Tue,13,"Comparing two laptops in the same price range side by side, no sponsor, just numbers.",85,2,8,#gadgets #techtips #technews #gadgetreview #cameracomparison #smartphone #techtok #laptopreview,1,34673,8927,25.7,24895,953,60,164,14,163,5,1191,4.37,0.66,0.06,3.067,23,none,battery life review please!,0.4,5,2
17900000001095918,reel,18,2024-01-03,20:45,Wed,20,Battery test for 24 hours straight — here's what actually happened.,67,1,5,#cameracomparison #smartphone #laptopreview #techtips #techtok,1,34691,6505,18.8,14874,364,14,37,62,114,12,477,3.34,0.25,0.42,10.526,14,battery_question:14,do a budget alternative next,14.8,12,3
17900000001105362,reel,18,2024-01-04,22:10,Thu,22,"60 second verdict: is this earbuds under ₹2000 actually good, or just hype?",75,2,7,#technews #gadgetreview #budgetphone #unboxing #techtok #cameracomparison #smartphone,1,34712,11841,34.1,39663,1845,95,164,118,252,20,2222,6.12,0.41,0.30,7.937,21,none,is this worth it over the last gen?,1.4,20,2
17900000001109940,carousel,19,2024-01-05,22:45,Fri,22,"5 budget phones under ₹20,000 ranked by camera quality — swipe for the winner.",78,2,7,#gadgets #cameracomparison #techtok #gadgetreview #techtips #smartphone #budgetphone,3,34714,5208,15.0,6980,186,18,15,20,28,2,239,3.34,0.21,0.29,7.143,10,camera_question:18,do a budget alternative next,14.1,2,4
17900000001117146,carousel,19,2024-01-06,09:20,Sat,9,Spec sheet breakdown: what actually matters vs what's just marketing.,69,1,8,#unboxing #smartphone #laptopreview #techtok #reviewindia #cameracomparison #techtips #techreview,3,34712,2550,7.3,3215,63,6,6,11,18,0,86,2.79,0.19,0.34,0.000,0,none,battery life review please!,6.3,0,0
17900000001120555,reel,19,2024-01-06,13:00,Sat,13,Battery test for 24 hours straight — here's what actually happened.,67,2,7,#cameracomparison #gadgetreview #unboxing #techreview #technews #reviewindia #laptopreview,1,34743,10536,30.4,27154,1530,183,274,115,254,27,2102,8.07,1.01,0.42,10.630,55,where_to_buy:183,bro said what we were all thinking,14.0,27,4
17900000001130164,story,19,2024-01-06,19:50,Sat,19,Quick gadget of the day — thoughts?,35,1,6,#techtips #gadgets #budgetphone #laptopreview #reviewindia #technews,1,34748,1597,4.6,1661,47,5,5,7,10,0,64,4.19,0.30,0.42,0.000,1,camera_question:5,is this worth it over the last gen?,6.4,0,1
17900000001134814,image,19,2024-01-07,20:50,Sun,20,New setup for the review desk. What should I test next?,55,1,7,#techreview #cameracomparison #techtips #laptopreview #gadgetreview #budgetphone #reviewindia,1,34760,6461,18.6,7030,179,18,14,23,76,8,234,3.05,0.20,0.33,10.526,9,none,waiting for your camera comparison,1.4,8,1
17900000001139786,reel,19,2024-01-07,13:50,Sun,13,Battery test for 24 hours straight — here's what actually happened.,67,2,8,#techreview #techtok #gadgets #technews #gadgetreview #budgetphone #smartphone #unboxing,1,34776,4859,14.0,15401,676,50,68,40,135,13,834,5.09,0.44,0.26,9.630,9,none,is this worth it over the last gen?,2.8,13,3
17900000001142115,reel,19,2024-01-07,17:30,Sun,17,Battery test for 24 hours straight — here's what actually happened.,67,0,9,#gadgets #laptopreview #unboxing #smartphone #techtips #reviewindia #techtok #gadgetreview #technews,1,34787,10315,29.7,24407,583,36,55,58,114,7,732,3.21,0.23,0.24,6.140,35,none,bro said what we were all thinking,14.2,7,4
17900000001145962,story,19,2024-01-08,17:30,Mon,17,Quick gadget of the day — thoughts?,35,1,5,#reviewindia #techtips #laptopreview #techtok #unboxing,1,34789,4192,12.1,5350,198,13,32,1,40,3,244,4.95,0.60,0.02,7.500,9,none,what's the price in India right now?,11.2,3,3
17900000001148195,reel,19,2024-01-08,17:20,Mon,17,Battery test for 24 hours straight — here's what actually happened.,67,1,6,#reviewindia #unboxing #laptopreview #cameracomparison #techreview #gadgetreview,1,34813,8816,25.3,24135,1184,102,85,117,187,20,1488,6.49,0.35,0.48,10.695,8,none,do a budget alternative next,9.0,20,0
17900000001149856,reel,19,2024-01-08,09:40,Mon,9,"60 second verdict: is this earbuds under ₹2000 actually good, or just hype?",75,2,8,#budgetphone #techtips #cameracomparison #techreview #gadgetreview #unboxing #techtok #laptopreview,1,34831,12966,37.2,38838,935,36,74,74,208,15,1119,3.11,0.19,0.19,7.212,3,battery_question:36,battery life review please!,6.5,15,2
17900000001151870,story,19,2024-01-09,22:30,Tue,22,Quick gadget of the day — thoughts?,35,2,8,#techtok #laptopreview #techtips #cameracomparison #budgetphone #smartphone #gadgets #unboxing,1,34831,713,2.0,910,31,2,3,1,5,0,37,4.11,0.33,0.11,0.000,0,price_question:2,what's the price in India right now?,6.5,0,3
17900000001152638,story,19,2024-01-10,22:50,Wed,22,Quick gadget of the day — thoughts?,35,1,5,#laptopreview #unboxing #gadgets #budgetphone #techtips,1,34832,4771,13.7,5847,224,17,29,1,33,3,271,4.42,0.50,0.02,9.091,15,none,what's the price in India right now?,3.7,3,3
17900000001154283,image,19,2024-01-10,09:30,Wed,9,New setup for the review desk. What should I test next?,55,2,8,#budgetphone #techtips #gadgets #laptopreview #unboxing #techreview #reviewindia #smartphone,1,34836,1149,3.3,1332,39,1,6,4,12,1,50,3.47,0.45,0.30,8.333,0,camera_question:1,is this worth it over the last gen?,4.8,1,0
17900000001155541,carousel,19,2024-01-11,11:45,Thu,11,Spec sheet breakdown: what actually matters vs what's just marketing.,69,2,6,#smartphone #reviewindia #gadgets #techreview #laptopreview #techtips,1,34847,6941,19.9,10297,268,17,44,34,101,11,363,3.23,0.43,0.33,10.891,2,none,battery life review please!,6.7,11,3
17900000001163446,reel,19,2024-01-11,21:10,Thu,21,"Comparing two laptops in the same price range side by side, no sponsor, just numbers.",85,1,7,#techtips #unboxing #reviewindia #laptopreview #gadgets #techreview #techtok,1,34863,11016,31.6,27235,1014,81,146,129,223,12,1370,4.85,0.54,0.47,5.381,62,none,waiting for your camera comparison,14.8,12,2
17900000001167619,reel,20,2024-01-12,09:10,Fri,9,Unboxing the new budget phone everyone's asking about — part 24 of the review series. First impressions on the camera in low light.,131,1,9,#gadgets #gadgetreview #reviewindia #techtips #laptopreview #smartphone #budgetphone #techtok #unboxing,1,34879,11253,32.3,34989,1599,113,236,12,375,12,1960,6.20,0.67,0.03,3.200,17,comparison_request:113,do a budget alternative next,10.1,12,4
17900000001172061,reel,20,2024-01-12,13:20,Fri,13,"60 second verdict: is this earbuds under ₹2000 actually good, or just hype?",75,1,5,#laptopreview #techtips #techtok #gadgets #reviewindia,1,34904,9019,25.9,21163,845,77,138,21,248,20,1081,5.47,0.65,0.10,8.065,27,none,bro said what we were all thinking,12.1,20,0
17900000001174210,reel,20,2024-01-13,09:20,Sat,9,Unboxing the new budget phone everyone's asking about — part 25 of the review series. First impressions on the camera in low light.,131,2,6,#technews #cameracomparison #unboxing #smartphone #reviewindia #laptopreview,1,34912,6441,18.5,15673,645,48,42,92,83,3,827,5.50,0.27,0.59,3.614,33,battery_question:48,waiting for your camera comparison,3.0,3,4
17900000001180728,reel,20,2024-01-14,21:45,Sun,21,"Comparing two laptops in the same price range side by side, no sponsor, just numbers.",85,0,9,#techtips #gadgetreview #techtok #techreview #technews #smartphone #reviewindia #laptopreview #budgetphone,1,34924,9813,28.1,21905,994,57,136,69,243,9,1256,5.65,0.62,0.31,3.704,39,none,is this worth it over the last gen?,10.9,9,3
17900000001186461,reel,20,2024-01-15,20:50,Mon,20,"60 second verdict: is this earbuds under ₹2000 actually good, or just hype?",75,0,7,#laptopreview #reviewindia #cameracomparison #budgetphone #technews #techtips #gadgets,1,34936,7897,22.6,24375,904,51,128,145,117,7,1228,4.88,0.53,0.59,5.983,50,comparison_request:51,bro said what we were all thinking,5.4,7,2
17900000001192410,carousel,20,2024-01-15,13:00,Mon,13,"5 budget phones under ₹20,000 ranked by camera quality — swipe for the winner.",78,1,7,#reviewindia #gadgets #techtips #smartphone #cameracomparison #techtok #technews,1,34946,6160,17.6,9635,97,7,15,0,104,11,119,1.18,0.16,0.00,10.577,6,none,waiting for your camera comparison,11.7,11,4
17900000001194179,reel,20,2024-01-16,11:15,Tue,11,Unboxing the new budget phone everyone's asking about — part 26 of the review series. First impressions on the camera in low light.,131,0,6,#budgetphone #unboxing #techtok #technews #gadgetreview #laptopreview,1,34957,8203,23.5,21619,1391,79,259,161,219,6,1890,8.22,1.20,0.74,2.740,45,comparison_request:79,what's the price in India right now?,5.6,6,3
17900000001200187,carousel,20,2024-01-16,17:15,Tue,17,Unboxing photos and first look — full review dropping this week.,64,2,8,#smartphone #unboxing #reviewindia #techtips #gadgetreview #laptopreview #techtok #cameracomparison,1,34966,4808,13.8,7479,292,12,29,39,53,5,372,4.77,0.39,0.52,9.434,3,price_question:12,is this worth it over the last gen?,0.9,5,4
17900000001205132,reel,20,2024-01-16,19:40,Tue,19,Battery test for 24 hours straight — here's what actually happened.,67,1,5,#techtok #gadgetreview #techtips #unboxing #reviewindia,1,34985,9562,27.3,27222,1114,99,179,0,279,18,1385,4.81,0.66,0.00,6.452,50,comparison_request:99,bro said what we were all thinking,10.9,18,1
17900000001213759,reel,20,2024-01-17,11:30,Wed,11,The one setting you should turn off on your new phone right now.,64,0,7,#cameracomparison #unboxing #techreview #techtips #techtok #gadgets #laptopreview,1,34986,2979,8.5,6968,246,21,26,28,30,2,321,5.07,0.37,0.40,6.667,7,battery_question:21,do a budget alternative next,5.1,2,1
17900000001223387,reel,20,2024-01-17,17:40,Wed,17,Battery test for 24 hours straight — here's what actually happened.,67,1,7,#cameracomparison #techtips #unboxing #reviewindia #smartphone #techreview #laptopreview,1,34995,8954,25.6,27944,981,73,115,159,132,9,1328,4.80,0.41,0.57,6.818,6,battery_question:73,is this worth it over the last gen?,6.0,9,4
17900000001231989,carousel,20,2024-01-17,19:50,Wed,19,Unboxing photos and first look — full review dropping this week.,64,0,8,#technews #laptopreview #reviewindia #unboxing #gadgetreview #techtok #gadgets #smartphone,1,35005,4526,12.9,6866,205,11,25,38,68,7,279,3.79,0.36,0.55,10.294,6,none,waiting for your camera comparison,8.6,7,0
17900000001240654,reel,20,2024-01-18,20:30,Thu,20,Battery test for 24 hours straight — here's what actually happened.,67,2,8,#techreview #unboxing #cameracomparison #reviewindia #laptopreview #techtips #gadgetreview #gadgets,1,35020,12246,35.0,27093,1280,57,163,257,175,12,1757,6.43,0.60,0.95,6.857,49,battery_question:57,do a budget alternative next,11.4,12,4
17900000001248305,carousel,21,2024-01-19,13:40,Fri,13,"5 budget phones under ₹20,000 ranked by camera quality — swipe for the winner.",78,0,9,#cameracomparison #techtips #reviewindia #laptopreview #smartphone #technews #unboxing #techtok #techreview,5,35032,4453,12.7,6837,329,28,40,0,70,6,396,5.64,0.59,0.00,8.571,11,none,is this worth it over the last gen?,8.7,6,0
17900000001257747,reel,21,2024-01-19,22:00,Fri,22,Unboxing the new budget phone everyone's asking about — part 27 of the review series. First impressions on the camera in low light.,131,0,9,#unboxing #techreview #techtok #smartphone #gadgetreview #reviewindia #budgetphone #techtips #technews,1,35042,10424,29.8,26945,2005,220,206,127,146,4,2558,9.33,0.76,0.47,2.740,195,comparison_request:220,is this worth it over the last gen?,8.1,4,2
17900000001260206,carousel,21,2024-01-20,13:30,Sat,13,Spec sheet breakdown: what actually matters vs what's just marketing.,69,1,6,#techreview #techtips #budgetphone #unboxing #laptopreview #cameracomparison,1,35044,6357,18.1,8214,288,19,47,25,40,1,379,4.70,0.57,0.30,2.500,11,battery_question:19,bro said what we were all thinking,0.9,1,3
17900000001269368,reel,21,2024-01-21,21:20,Sun,21,Unboxing the new budget phone everyone's asking about — part 28 of the review series. First impressions on the camera in low light.,131,1,7,#gadgetreview #techtips #gadgets #smartphone #unboxing #technews #techtok,1,35070,9598,27.4,28351,1574,97,258,0,290,22,1861,6.98,0.91,0.00,7.586,18,camera_question:97,is this worth it over the last gen?,4.3,22,1
17900000001269476,reel,21,2024-01-21,22:30,Sun,22,The one setting you should turn off on your new phone right now.,64,2,7,#cameracomparison #reviewindia #budgetphone #smartphone #techtok #techreview #gadgets,1,35083,6416,18.3,16436,649,33,88,113,102,7,883,5.49,0.54,0.69,6.863,17,none,battery life review please!,14.7,7,3
17900000001274049,story,21,2024-01-22,20:20,Mon,20,Quick gadget of the day — thoughts?,35,2,9,#budgetphone #techreview #unboxing #cameracomparison #technews #gadgetreview #reviewindia #gadgets #smartphone,1,35089,2041,5.8,2183,44,5,6,6,18,1,61,2.86,0.27,0.27,5.556,3,price_question:5,waiting for your camera comparison,5.8,1,0
17900000001276193,image,21,2024-01-23,22:00,Tue,22,New setup for the review desk. What should I test next?,55,1,5,#techtok #cameracomparison #budgetphone #smartphone #gadgets,1,35091,1162,3.3,1551,41,4,2,2,12,1,49,3.37,0.13,0.13,8.333,4,price_question:4,do a budget alternative next,13.0,1,4
17900000001284490,reel,21,2024-01-23,17:15,Tue,17,Unboxing the new budget phone everyone's asking about — part 29 of the review series. First impressions on the camera in low light.,131,1,9,#unboxing #gadgets #laptopreview #techtok #smartphone #gadgetreview #budgetphone #techtips #cameracomparison,1,35097,8751,24.9,29269,1882,166,304,2,117,8,2354,7.77,1.04,0.01,6.838,135,comparison_request:166,waiting for your camera comparison,10.2,8,3
17900000001292709,carousel,21,2024-01-24,17:00,Wed,17,Spec sheet breakdown: what actually matters vs what's just marketing.,69,0,8,#gadgetreview #technews #budgetphone #techreview #reviewindia #gadgets #unboxing #laptopreview,5,35097,2999,8.5,5051,194,20,31,0,28,1,240,5.04,0.61,0.00,3.571,0,price_question:20,waiting for your camera comparison,14.0,1,2
17900000001296858,reel,21,2024-01-25,20:00,Thu,20,Battery test for 24 hours straight — here's what actually happened.,67,0,9,#smartphone #gadgets #techtips #technews #cameracomparison #budgetphone #laptopreview #techtok #techreview,1,35115,9506,27.1,21379,1020,41,75,93,242,16,1229,5.97,0.35,0.44,6.612,38,none,is this worth it over the last gen?,8.4,16,2
17900000001303207,carousel,22,2024-01-26,21:20,Fri,21,Unboxing photos and first look — full review dropping this week.,64,1,9,#techreview #technews #reviewindia #cameracomparison #techtips #techtok #gadgetreview #laptopreview #unboxing,1,35118,3049,8.7,3415,85,3,5,14,33,2,107,3.15,0.15,0.41,6.061,0,camera_question:3,bro said what we were all thinking,7.2,2,4
17900000001310591,reel,22,2024-01-26,13:00,Fri,13,Unboxing the new budget phone everyone's asking about — part 30 of the review series. First impressions on the camera in low light.,131,0,6,#techtok #techtips #reviewindia #gadgetreview #budgetphone #unboxing,1,35131,7810,22.2,18590,850,50,146,19,151,13,1065,5.76,0.79,0.10,8.609,23,price_question:50,bro said what we were all thinking,5.2,13,1
17900000001313988,reel,22,2024-01-27,22:50,Sat,22,The one setting you should turn off on your new phone right now.,64,0,7,#techtips #laptopreview #budgetphone #techtok #reviewindia #unboxing #gadgets,1,35150,11771,33.5,38553,2454,199,328,0,298,14,2924,7.59,0.85,0.00,4.698,97,none,waiting for your camera comparison,2.8,14,0
17900000001320032,reel,22,2024-01-27,20:00,Sat,20,The one setting you should turn off on your new phone right now.,64,0,5,#unboxing #techtok #technews #smartphone #budgetphone,1,35156,9280,26.4,22656,1041,91,100,15,191,8,1247,5.89,0.44,0.07,4.188,5,none,is this worth it over the last gen?,2.1,8,0
17900000001325676,reel,22,2024-01-28,17:40,Sun,17,Battery test for 24 hours straight — here's what actually happened.,67,1,6,#gadgetreview #techtips #reviewindia #gadgets #laptopreview #technews,1,35177,8390,23.9,20403,1012,61,110,66,185,20,1249,6.08,0.54,0.32,10.811,46,camera_question:61,what's the price in India right now?,0.8,20,2
17900000001327847,image,22,2024-01-28,22:20,Sun,22,New setup for the review desk. What should I test next?,55,1,8,#cameracomparison #techtips #gadgets #unboxing #reviewindia #technews #budgetphone #techtok,1,35178,5683,16.2,5817,115,8,19,5,45,3,147,2.44,0.33,0.09,6.667,5,where_to_buy:8,what's the price in India right now?,5.9,3,2
17900000001334910,image,22,2024-01-28,13:40,Sun,13,New setup for the review desk. What should I test next?,55,0,9,#gadgets #unboxing #laptopreview #techtok #technews #gadgetreview #cameracomparison #techtips #techreview,1,35180,4506,12.8,5163,82,8,8,9,36,1,107,2.10,0.15,0.17,2.778,4,none,battery life review please!,12.6,1,4
